Product_ID,Product_Name,Sales,Category,Price,Region,Date
44e7413d-5d47-4e8c-ada2-5ace147337bb,for,46,Electronics,165.69,South,2020-03-04
43e70331-02d0-4b04-aa11-5c945be1d1ca,hotel,473,Electronics,784.96,North,2024-07-03
03b9cf6f-6146-4a73-a647-a90581f9c97c,item,376,Clothing,478.68,South,2023-05-09
6288b587-441e-4948-b6e0-189bc00b70af,western,311,Clothing,518.39,West,2022-05-29
55fea6c5-3b42-4e8c-be32-d4f94848accf,level,912,Electronics,349.8,West,2020-09-07
9118dc40-596a-4b14-a198-9b56ad1cf234,person,418,Groceries,109.97,East,2024-11-15
ffb66c5b-72d1-4d85-8ba1-5b4c831fed3e,rise,160,Furniture,499.46,North,2024-04-26
5072b070-934e-4b46-ac06-0d39e05f548f,quickly,832,Electronics,681.41,North,2022-01-10
51464949-015a-4e41-ab7b-91b5ae4e0538,relate,910,Electronics,61.91,East,2022-01-29
d666c32b-c635-4fbe-aba2-c9d69ac37dc8,of,173,Clothing,669.27,East,2021-01-02
701bdf67-4e1d-46a2-9899-f1da921f2132,skin,79,Clothing,631.8,East,2021-06-12
1e3b31d8-228d-48e7-9fc1-f4db9e0eca2a,significant,434,Electronics,978.97,North,2022-01-08
7e3f5be1-ea20-496e-a3d6-47f906095d62,everybody,38,Electronics,56.97,South,2024-09-14
c9410df2-2bf6-48a6-8cc0-3a88266fe15e,remember,181,Clothing,618.08,East,2022-04-21
b0f85523-c4b0-4a84-8f46-2b5903a0ae2e,realize,6,Electronics,545.16,West,2020-06-25
866e8aa8-b87d-4c4a-be7f-80c0a7915f1a,lead,49,Furniture,647.8,West,2024-11-29
657c71da-05b4-4120-aee6-b2e8182ece47,sure,135,Furniture,175.37,South,2020-11-17
3f087cf5-806f-4b29-a845-5d847d95026f,scientist,298,Furniture,948.37,West,2022-04-04
11848ed3-f0f0-4393-86b6-dd640c6fa348,wall,700,Groceries,313.55,West,2024-10-12
2d36b653-f0be-40bf-b807-31c3709ba90c,manage,785,Electronics,786.47,South,2025-03-29
44dffa47-4aa2-4480-9caf-09838b6e603a,take,835,Electronics,363.92,West,2024-12-14
d3e5af86-a1e0-4b0c-9be9-574f34c671a7,city,392,Electronics,213.85,West,2023-07-15
8d25209f-d7ee-4f3e-822e-f0a4393eedeb,trip,930,Clothing,907.04,West,2020-01-19
cb543e9d-9aa6-4285-8c2b-d32145bc5fca,surface,338,Groceries,204.68,West,2020-07-29
f473b003-deba-4921-9b67-c0cc210e046b,threat,574,Clothing,652.6,North,2022-07-27
7a76ab2a-f75b-4b14-bd07-9f17d07bf994,little,824,Furniture,207.77,West,2020-10-08
7614c42f-c329-4d01-af0e-56ddeb6424f8,stop,927,Clothing,781.11,South,2021-09-02
e11fb3ca-d94e-4b1b-ab05-8a7904021a0b,health,779,Clothing,684.47,South,2022-01-08
e2a10a1f-51d5-4b7e-b62c-b544b1d4a019,name,16,Clothing,530.58,South,2020-08-24
eb65bb23-4a8c-4641-89b3-584eb908fd8a,without,369,Electronics,102.8,East,2024-03-28
033fec95-b2ea-41e3-89a8-ea16d5a3133b,suggest,941,Electronics,624.95,South,2022-08-02
bfd827d2-1262-4bad-a5d2-baab482c5687,movie,419,Groceries,576.68,South,2022-07-02
68a2a8e3-50aa-4e77-96eb-b443f30baaed,of,820,Clothing,302.6,South,2022-07-10
4b4c5a2c-586b-42bd-83bd-7d2989b38071,officer,474,Electronics,53.35,West,2023-06-11
6f275e40-7d4c-4dbb-aced-e410e9bd7ac2,believe,841,Clothing,993.6,North,2025-03-19
e1bec915-72c5-426e-aac6-0f1af93966aa,same,366,Furniture,282.0,North,2023-04-03
1cefd4b7-547e-4218-a315-91b4702f4bd2,hard,994,Groceries,799.41,West,2020-02-27
4f1c4c2e-bc97-4eaa-8cb0-a8689969952a,recently,280,Electronics,257.73,East,2024-04-17
b3579a3b-406b-4def-b820-818fb1489c65,but,915,Groceries,408.0,West,2025-02-03
4745c606-5e65-494a-acd8-d0b01409e72d,least,428,Furniture,921.91,West,2021-05-26
7b1badbd-e462-40a3-bb95-2ec429f1e8f8,less,76,Furniture,938.1,North,2021-09-30
7655ae72-7ea7-4379-b0c9-461f2246f4dd,treatment,178,Electronics,986.67,South,2024-05-03
5917fc8e-f28d-46cc-aa9b-e2c28623523c,first,325,Furniture,412.24,North,2021-03-07
7c2f721f-fcd3-476c-8bc2-66e5f3ab3def,people,260,Clothing,466.54,North,2020-05-07
45ec2bc7-073d-4182-9bdc-2eda9a461206,ready,84,Furniture,557.55,South,2023-04-09
642d6574-d32b-4705-ac09-32376f6d7b8c,continue,797,Clothing,399.92,West,2023-11-01
cf04edc1-3374-43ed-bf74-eb6f82f86c2d,recently,673,Electronics,711.69,South,2020-09-22
6f3e82b8-03b4-4185-a36a-2204792e6758,career,383,Electronics,263.01,South,2023-02-15
c58566f8-2e56-4214-8b3a-ff13e098d88a,sort,333,Electronics,641.21,East,2020-03-09
8ef9f085-1a87-4c85-b7aa-1e9a07c03907,baby,599,Electronics,543.6,North,2023-04-09
9ec85ec4-fbcc-4799-ae96-44871c2033d7,third,34,Furniture,809.62,North,2020-01-24
d3236c5a-d78b-4fa5-aa2b-b564fb279f45,speak,846,Groceries,88.03,South,2020-11-26
9929ce7d-60e6-48d0-b3b2-02e76d7543f3,already,723,Electronics,621.53,North,2020-02-05
1ea046e7-c8d7-46c5-a920-83d2a78a6d58,similar,868,Furniture,39.04,East,2023-09-02
e0f250a8-7236-477b-8299-f0be7f4cafc1,pretty,513,Groceries,946.73,East,2023-09-01
45b1ff34-7f18-4624-a882-8336bc9b9e15,area,7,Clothing,795.59,North,2022-10-11
916f9ea8-db1b-4b65-b9e9-288838c45cd6,level,36,Clothing,838.3,West,2020-06-13
f96f9898-6342-416d-8807-1734090fc2af,enjoy,814,Clothing,535.76,East,2022-04-16
4fd1fc5b-6d1c-4855-a5ab-8b5f2252518a,worker,527,Clothing,815.86,East,2023-05-18
863a19cd-4eea-43f0-8d9c-4fa7ef98c1ba,fly,530,Clothing,234.58,West,2021-08-15
54061386-0a41-4ff5-818d-371f1ea5c19a,away,124,Furniture,393.02,West,2024-10-13
cd73bd04-42d6-4ead-9d48-422655326b48,boy,842,Furniture,849.49,East,2022-06-18
14666f90-58da-4101-b1ba-f59427d69dfd,government,464,Electronics,23.02,West,2021-03-27
46062317-8174-4d4c-ad78-3142d4d4c4cd,because,639,Electronics,768.35,West,2023-04-03
4994a257-c9a8-4556-b413-19c129d27024,as,361,Groceries,733.67,North,2021-07-10
75a3a3af-6748-4518-9fe9-f15e12b5323b,hand,508,Clothing,487.57,North,2024-05-20
1e9651a9-0c1b-46cf-9dfb-42aa3e6ec02f,building,530,Furniture,205.41,West,2024-01-16
d65680c0-bd1b-4ace-ba88-e52bf0897e75,generation,497,Groceries,693.13,South,2022-03-14
ae8d9a6c-0fdc-46c9-a13e-8f29ec48d13d,fine,917,Furniture,512.73,South,2024-10-02
e4cb78b7-23a9-41e9-b2b1-b63c3760a816,create,782,Furniture,48.24,North,2020-11-13
386294eb-63b9-4ee9-9cbe-2b33c7e6970c,white,327,Groceries,728.64,West,2024-05-08
2a6c80b9-4fba-4e40-b1b1-386cf12f0931,difference,301,Furniture,691.23,North,2021-09-01
bb68f96d-6ea1-4478-9ef3-ff266df175a0,true,640,Clothing,342.6,East,2023-09-04
cc069366-b2bc-491f-b77b-eee3aa6e4c60,time,451,Electronics,828.09,North,2022-04-05
9c5cda7f-56d6-4af3-8f1f-42ab48ac169d,could,605,Furniture,524.42,West,2023-06-30
18e63a98-a51f-4ea1-9455-dff1711f9e98,wait,37,Groceries,875.05,North,2020-11-17
1e78b7d3-7bb5-4f62-bb7c-1fd6d603de5b,popular,928,Furniture,21.22,West,2020-01-30
c50f8ee2-7c36-4dcf-936a-6722ce1fb863,new,792,Furniture,974.1,East,2024-08-01
856476e6-cd9b-460c-af7f-c169e7dcb3ef,little,567,Electronics,414.56,West,2024-04-19
d825b979-5022-47e0-8bfc-2744a3c9ee79,chair,673,Clothing,93.68,North,2024-12-01
a8fb1429-0ca2-4137-a7c3-6f4f66b74a7c,this,421,Groceries,294.77,West,2020-09-01
bc8b87c8-b6f0-42f3-b914-505e0e451e71,admit,239,Clothing,322.43,South,2021-02-25
e6f8bcfd-d78e-4dfb-a6cb-66e1ff291e04,prepare,457,Electronics,781.16,South,2024-03-11
d35e2ea0-2681-4653-8de5-0287b1896812,tell,815,Electronics,552.8,South,2021-10-04
8c5ccdbd-d246-49d4-9a80-0854f802c757,heavy,251,Groceries,819.83,North,2023-08-30
25a2e520-7c68-488c-aa49-6ca2490ec4a0,check,161,Furniture,932.24,North,2020-08-31
06a43143-f431-4700-a132-1c961120bef3,kind,789,Clothing,223.1,East,2025-03-04
4af498e6-0550-4b2c-94a5-1a929983afd7,civil,633,Electronics,234.95,East,2021-03-10
d0b72cac-6723-4933-a492-6804ace65343,last,648,Groceries,970.33,East,2020-06-14
186bdfcf-b187-4f28-b4fc-c33fb3923699,no,894,Clothing,279.14,South,2020-11-17
b9bf9948-b87b-4b47-877a-43c9ee04fd0c,without,765,Furniture,824.18,West,2021-04-28
9cb697ac-5043-429e-9097-09c38908b397,local,70,Clothing,537.22,West,2021-06-12
e1e06786-b383-4522-a6be-9bc3296b99c9,truth,482,Electronics,749.61,West,2025-02-10
0ee980ea-d597-4964-96a8-e0c42737678b,successful,405,Groceries,296.22,North,2020-08-27
e6e2623e-e875-43ae-850a-25c3514c97be,prepare,702,Clothing,234.29,East,2021-12-13
ced44762-112a-48db-912a-2e8a67f691c3,almost,269,Furniture,755.12,South,2023-12-24
cd8ef781-6982-450e-99fa-4b18940e45ef,law,546,Clothing,883.56,South,2020-03-30
47574999-d5eb-4f01-9262-fd9a4713670e,list,627,Furniture,391.42,South,2024-02-08
ee27e0e2-db73-4ad3-b7ac-009c7b1826db,forget,109,Electronics,760.43,East,2023-01-20
93bde1f9-b940-49e6-83f9-9ab0672715f7,kitchen,727,Clothing,375.23,North,2024-10-13
24e6c0f0-86f7-4173-98f4-b772ef2f0429,suddenly,226,Furniture,272.07,East,2021-12-24
d12206e8-32bb-444e-87b4-388b60a78960,these,412,Furniture,240.63,South,2023-10-17
a50217cc-3f3f-4e58-997f-0c6a2e502eff,read,7,Furniture,481.63,North,2024-03-12
ab84a5ec-f62c-4077-942f-5b5e25123709,although,547,Groceries,670.32,North,2023-01-29
cc8ecbf1-c9ac-433d-b8c1-84685d582383,gun,623,Electronics,875.99,North,2024-04-11
d68dc440-082b-42fa-ae12-eff12b97ca92,play,487,Electronics,375.83,South,2024-06-06
4517dd36-317b-4391-9d7b-ff65b01dfd25,shake,424,Electronics,838.13,North,2020-07-13
7ed91a56-f82e-4f4e-98ea-16b33be20860,office,205,Electronics,881.34,West,2020-01-18
a9c0175a-527a-4f41-ace2-49169552a155,gas,439,Electronics,990.15,South,2022-12-30
ec82a5c6-eb36-4156-b354-59131f87e23e,discover,50,Clothing,545.12,East,2020-06-26
e1f9b1f0-8d03-48b6-97de-0e31faace646,tree,160,Groceries,744.98,South,2022-04-26
546124c2-46e4-482d-afa6-8c716b2aa8ae,most,459,Clothing,864.3,South,2024-03-03
f5fe9096-1ac7-4b12-80c7-f1dca3d49e97,sound,486,Furniture,118.78,West,2023-12-10
f889cec9-2b0b-43d1-b728-d7cd58cb0397,price,877,Groceries,555.1,South,2023-05-09
f17cf764-b3ef-47c2-bcba-db5c58a29a1c,sure,307,Clothing,790.2,North,2024-10-09
43cbce73-ec4a-4036-b417-a697594dabfc,establish,635,Furniture,440.69,East,2024-12-25
0d77a8c4-7efa-475f-ac14-471b7da0e288,human,739,Electronics,87.0,West,2020-04-29
17882259-5901-4f4b-b4a9-da4a5a11df4e,area,952,Electronics,917.63,East,2024-07-06
35efb8fe-62e7-4ee8-94c4-f0499ab5a1a9,mouth,993,Groceries,915.71,North,2024-09-13
136b1869-c826-49e3-93b6-61ef506b2f1f,would,291,Clothing,435.74,South,2024-11-22
38092b07-8571-4051-b1c5-b51a1df149ad,campaign,722,Clothing,399.07,North,2020-01-31
236442b1-6899-4dad-8d42-bc457513822d,save,219,Groceries,102.76,South,2023-12-15
e57239fe-a8d0-4ab5-b0dc-385b4bc26403,close,792,Electronics,306.15,South,2025-01-07
af806245-b5e6-4373-9f35-a55a8e2bb2d2,policy,10,Groceries,477.64,North,2022-09-18
42c1abc1-32ac-4c29-a02c-098e20c0e1ac,drive,500,Clothing,619.44,East,2023-06-23
7f27e6ed-2a99-4446-aef9-6fad4de3b533,share,512,Electronics,979.99,West,2023-02-24
5a3e402e-5345-47ba-bd25-d560946d00f0,process,980,Electronics,487.69,South,2022-02-13
ab214fbd-bd23-483a-97d8-f2a67c087c78,trial,584,Electronics,166.68,West,2023-06-01
f6b58c5e-e5ee-4434-9777-13fbfea7853d,opportunity,144,Electronics,349.09,North,2020-05-11
4389d58e-420a-407d-86a8-f4ae5a18f73a,rather,746,Clothing,84.29,West,2020-09-13
dff53a6a-3af7-4ad9-9edc-6d3d32fde91e,away,985,Groceries,444.14,North,2025-01-21
422749b8-d2b3-4875-b8a0-d108a0844fe7,position,5,Electronics,714.86,West,2023-07-29
e61ccdfa-12e2-413b-aadb-2f66a0b417c6,street,18,Groceries,108.93,East,2020-01-23
31b99b9a-9a13-4b45-85ba-5439aee208fa,so,881,Groceries,854.83,South,2021-05-13
367eab70-c514-4783-8e8f-e61477db0dd6,story,978,Clothing,273.61,East,2024-11-12
820913b1-c46a-468b-96ee-a14bc45bf525,north,241,Clothing,235.48,East,2022-12-30
2f21eba5-8eae-499f-9bfb-03f83d961ae2,sort,36,Furniture,954.13,North,2022-04-20
9facfd1c-c946-42fd-beec-9a010659d8db,government,570,Furniture,391.31,East,2024-09-09
6dd9b432-8ff4-40d0-8c06-c2c3a99f0152,wall,190,Electronics,874.42,East,2023-10-06
5821b471-14ad-4404-90ef-d4f0e7e3b56f,should,9,Electronics,785.42,North,2022-06-23
2aca3367-b722-4a4e-ba02-a20f8fac491f,body,701,Electronics,933.91,North,2020-09-19
fe57dc7f-a344-43d6-bff4-12a75151f961,dark,154,Furniture,631.1,South,2021-08-15
86af3dda-4f23-45af-a86d-498e133180b1,section,160,Furniture,171.72,East,2022-06-04
b3ffbdb6-4fb4-496c-a6a5-c50c4f4ea628,activity,367,Clothing,361.31,South,2023-04-22
41bb5ca2-93c4-412c-a0c7-b855cf76975b,wind,417,Electronics,67.06,West,2024-05-30
4d274ab1-5e99-4612-b5dd-43e15fdf529a,big,133,Groceries,90.02,East,2021-10-15
caff8404-aedb-46b0-bab9-72d6d117340a,best,15,Electronics,481.53,South,2021-10-09
42968cc0-79ae-40c2-9091-6d16e865c73c,research,392,Groceries,437.82,West,2023-08-25
f494b847-7b59-437f-9bc8-94fdce01756d,else,682,Furniture,431.41,South,2023-05-18
cf9b4d8e-0f11-49bd-a443-44e2801e50e1,else,520,Clothing,172.74,West,2023-06-04
bf77329b-f2bf-41bb-b9d4-575489d6d9f9,official,42,Electronics,702.58,North,2021-12-10
98959184-2978-4e88-b625-9da9f9ff3450,upon,418,Electronics,551.38,South,2020-02-12
0eed52ab-7d16-405b-930f-d97b50e4aa05,animal,192,Clothing,457.5,North,2022-07-29
09634876-1e3c-48a3-8694-d0ad743d0db4,official,755,Electronics,419.85,South,2020-09-17
93a3f590-4b3c-4462-9202-5998c9bdf65b,necessary,735,Electronics,841.59,North,2020-06-12
046e9163-ef0a-4428-b79c-d3a93ef08635,mean,43,Furniture,672.26,South,2021-11-20
68118420-601c-4de7-b177-7e4817451d17,design,149,Clothing,73.57,North,2023-03-26
35d12afb-3eff-4f32-93a0-2c295d64006f,head,184,Electronics,586.76,South,2020-07-06
a3bf5077-6879-4aed-9e4b-36e6f29f8830,main,253,Groceries,53.49,West,2024-09-11
385b7bee-238d-491b-b8d9-48cba326bcf4,what,448,Groceries,862.76,West,2021-04-04
607d461a-c16a-4883-8dbf-2c827552795b,around,897,Electronics,346.38,North,2021-05-20
a3bd9077-4e7a-4b43-bdc9-9cc565570448,care,187,Electronics,750.94,West,2020-04-14
86e9f5d2-966b-41ea-8bd1-b253621b791b,body,74,Groceries,709.62,West,2020-03-03
fc492b26-f026-4d4c-b45e-2de3f436af43,enjoy,334,Groceries,615.24,North,2021-04-06
32e5d249-862a-4445-a569-ecf34c024f2e,company,974,Groceries,869.46,West,2024-05-14
18238f25-adc4-4eaf-86e1-f4e1bba157a2,room,144,Furniture,964.57,South,2020-04-15
e88cf289-a8c1-413a-9007-f32fcb6ad00f,back,478,Clothing,52.89,West,2021-02-02
910981ea-d812-4738-be47-b383fd2e6225,scene,309,Clothing,632.51,West,2024-11-05
216d2fd5-005f-473c-a6ee-03a615385d52,once,121,Furniture,697.17,East,2022-02-15
1094288d-a96c-40e4-8ae2-119c8e022143,if,314,Clothing,538.57,West,2023-02-28
07ae8e04-3189-4e4b-8454-021789cbe6ac,hear,598,Clothing,280.76,North,2022-12-08
480e8349-a134-4d3d-8191-685f4577866f,future,283,Electronics,540.36,South,2022-12-21
062f1e70-75c3-477d-b51b-0a4029664bad,career,369,Clothing,596.41,North,2020-07-31
af557453-40a9-4254-bca2-81619773900d,clearly,468,Groceries,922.03,West,2022-04-09
c9a6c88e-2064-4aae-bea5-6db219ec2729,business,67,Clothing,441.91,East,2023-09-19
430e16b5-99ae-4ee3-ab42-5469f8f09495,until,591,Electronics,798.93,East,2024-03-30
efa9e52e-c988-4adc-a2c5-b0b8432293e5,magazine,428,Groceries,197.73,East,2022-08-04
18f15762-a80e-413f-b39f-fa3e2f204e1e,stock,899,Clothing,689.57,West,2022-11-21
d976d04d-dc6d-472b-9cfb-e2727f6254f0,themselves,902,Furniture,302.78,West,2024-06-17
0dc180ce-bbf8-4c62-8a63-c1f43a53cd9a,much,944,Clothing,135.35,South,2023-02-01
093d987e-be3f-4d74-a418-e5bec9deae4c,woman,849,Electronics,58.5,East,2024-10-31
7ab8589c-9ce9-46e5-bd80-b2590a65902b,part,744,Electronics,342.62,East,2023-04-25
0968bf2d-c777-4318-9b5d-cbae37155049,report,244,Furniture,536.52,East,2022-10-01
c5daa2b2-9ade-4d1d-9bcf-072c0acf1994,meet,145,Furniture,740.75,South,2024-01-21
74422c88-6355-45b3-93c0-ef5588a4bfa3,pick,894,Furniture,629.51,South,2024-02-07
29676f62-6b3c-4dcb-9b1b-37e075f05a22,question,903,Electronics,555.21,East,2025-01-13
e6005929-fb4e-4fca-a7e3-553e77247e21,be,616,Electronics,324.02,West,2021-10-15
d9ffb472-ed9b-47e1-b8a2-b8d883e3402a,whole,51,Furniture,104.79,South,2023-11-02
fd418248-4d1e-4532-bce9-8536d7751ed4,southern,467,Groceries,103.87,East,2024-04-20
a3328a1f-014e-4e79-9c0e-d8d4cf1381fe,ever,900,Furniture,776.71,West,2024-04-05
7359aa3d-5ec0-43c4-8033-45b842de8696,include,473,Electronics,803.77,West,2022-10-23
1fe613ad-5688-4a00-944f-ab657e5c0de8,take,54,Electronics,719.21,East,2024-09-26
d18ebcfc-bdbc-4ee3-8c0b-5b1eca919607,us,237,Electronics,294.97,West,2022-05-22
366c3d38-a9cb-4832-829c-83c98cb8ad21,image,561,Electronics,840.22,North,2022-04-11
b37eda7b-012f-4723-8a8b-10b87a32cbee,property,758,Furniture,351.42,East,2021-07-31
b1ae57c2-1e2d-4e24-9794-b653157d4acf,event,183,Groceries,810.97,East,2023-01-03
b8c9e9cb-2fef-4587-b1d0-145fdaa5ef41,inside,987,Furniture,118.21,South,2021-03-22
574cb68f-71db-4a46-8723-1f7eb5b03c6d,paper,570,Clothing,907.8,West,2020-01-19
450ec472-f16e-46c6-8683-81494a346773,study,730,Groceries,24.01,South,2023-06-05
826e8efa-8536-40ac-a292-9f9885cc82c0,process,620,Furniture,191.97,North,2021-06-24
12e5debe-24cc-4472-8fe3-a82a0cddd772,board,532,Groceries,674.95,North,2022-12-29
8d7c5fb1-fdc2-4328-b329-0ea49a280a14,full,311,Electronics,479.34,South,2023-11-07
fae7152c-8630-42d7-86f9-6fc028bd8b2e,enjoy,902,Clothing,743.97,West,2022-08-09
e227a1b9-8378-4909-a6ee-374b1a8d9613,season,647,Electronics,574.99,East,2020-03-02
63c8b79c-08bd-41d1-8e3b-68d1f5be51c7,want,884,Electronics,333.77,West,2020-12-29
c516cd3c-80d7-49d2-b21b-43c6e4c3ba4b,likely,86,Electronics,921.04,South,2023-07-12
e8c4f5dd-2c57-43f9-a5ab-ba428085e6ca,shoulder,757,Clothing,893.41,South,2021-11-24
5ff2ef61-0ef1-470a-9ded-752613bdedab,how,578,Electronics,973.33,North,2020-07-17
c66fc93d-9a9b-46a4-8a20-20654ed2beaf,order,529,Groceries,276.58,East,2021-03-06
ef4e1b4e-befe-41dc-9394-23c010f8f92c,like,382,Groceries,493.56,South,2023-08-01
0b7d4dbc-6f06-4c08-9f24-1ae7dad67ed8,bad,759,Clothing,913.94,West,2024-01-14
f331f57d-d923-4700-bba3-03fe221adde7,discuss,758,Furniture,841.27,West,2021-02-07
31c472a2-1e79-48a6-81b3-fbf0411cb28c,say,349,Furniture,313.35,North,2022-04-11
4ada0d88-116b-4c9f-94f6-ae45df48fee5,wear,918,Groceries,252.38,South,2022-03-27
77846153-6150-4777-a9de-854b5a5fc63f,call,206,Groceries,675.44,East,2021-06-09
113141ee-7204-4e88-bf60-ab27bf1a0d20,sister,698,Groceries,195.13,North,2024-02-19
b749ef9c-1dda-41a1-b9b6-4d6b330679af,guy,612,Groceries,941.65,West,2024-02-28
2f43b673-116a-42ba-959f-ed5c49fd433c,difference,675,Furniture,116.6,North,2022-06-26
1c08e13c-5a7c-4cef-a03b-b4a7859bb572,either,184,Clothing,874.09,West,2020-11-19
b1c270fa-08f2-4ed4-bd02-555acb3bd4ee,how,339,Furniture,465.52,South,2020-09-03
4ea50a23-3db8-4592-95e9-034e8838b4a7,culture,30,Electronics,589.09,East,2021-04-02
989d017c-51ea-4999-88ae-a3830b3f97d7,public,306,Groceries,347.13,South,2021-06-01
2de707e5-5e45-4914-9bef-0444a8b1803d,success,974,Groceries,471.05,South,2024-11-26
8a8862a1-416f-4653-b39a-4244bbed34a1,material,333,Furniture,969.83,North,2023-07-22
4fc23c4d-7207-4101-8969-084479f5e6c5,audience,82,Furniture,225.13,North,2023-10-09
f91409c1-6e46-4f44-8557-453bfb2b52c4,less,167,Furniture,204.52,South,2024-04-13
88a4329d-d487-43fa-890a-9edb8d175b37,benefit,478,Furniture,546.71,West,2022-10-26
c36f4d71-a328-453c-95a9-bf8bcd57ebd0,stay,36,Electronics,736.69,East,2023-03-14
19d41830-27b3-45f6-a253-17c07953e21f,site,914,Furniture,503.59,East,2020-07-30
5d3cb4f5-8869-44be-a7a4-8284c3ec8d35,same,117,Electronics,822.73,North,2022-03-11
547222b6-96c4-411c-99b9-ec6d3d7481ed,moment,185,Clothing,981.57,East,2020-01-13
aa3403c7-770e-47da-b6ca-703f121c5053,despite,896,Furniture,878.33,East,2021-01-12
6ea2432d-fde9-4e14-9d68-d675e134e9f7,I,617,Clothing,923.66,South,2021-09-10
fab0fd37-9d24-4f36-bb33-7c37d4778f0c,well,998,Electronics,26.59,South,2020-09-11
3da1caf5-9c78-4519-ac33-ff06e89d7636,black,274,Electronics,128.02,North,2021-05-03
a293ff96-0d09-4a07-b817-951f5ad33f8c,there,531,Groceries,230.93,South,2022-08-07
6f7b13d8-e7c7-4653-9d8a-6a2f09c3dd96,politics,316,Clothing,530.1,East,2021-11-12
732c3995-5978-49b1-abfc-92d374ecb081,compare,726,Groceries,798.27,South,2024-10-21
e3de028c-1b8c-48b1-92d4-72914b566662,benefit,365,Electronics,820.99,North,2020-09-05
a8003e6f-fb27-43bb-bc59-883d806ef2c1,always,850,Furniture,257.46,South,2024-06-22
7d42f5ae-bc3d-48a8-854e-0a30ebb886ab,style,363,Groceries,736.43,East,2020-07-23
173f0fb6-03e3-418e-9762-c46e6320fead,yeah,611,Electronics,51.43,South,2024-05-13
8e756620-cb5a-454e-b5a8-cd3b4bb49f1e,or,493,Electronics,599.72,West,2022-03-10
b1a5624a-a8d1-4209-ab6f-95fe39977417,actually,840,Furniture,369.54,North,2022-02-04
9e3949fa-aac8-44e0-8a65-fbbe47b1eaf0,price,665,Groceries,414.65,West,2020-08-22
8ebe59f8-f0d6-4b6e-b3f7-90815240df1d,where,157,Electronics,342.05,North,2023-05-19
1596660d-c364-4321-857b-32762085463b,security,340,Electronics,385.43,South,2024-06-28
31c97c75-c647-4e79-a7bf-4214c8f4738e,green,779,Groceries,52.21,North,2024-07-19
81b15cac-9d55-406f-8270-a2c30d180ff8,three,80,Furniture,979.54,North,2023-12-08
3918b25e-2074-4aec-b443-06c46a603b75,shake,886,Groceries,60.55,North,2022-10-07
eff7c9f7-d3ee-4ea0-a7cf-d2b9a1f17ce2,rule,954,Furniture,217.1,East,2021-01-28
92506008-6598-46be-94b2-69c697bd0936,use,738,Clothing,293.03,North,2023-09-04
3984b4a7-03b5-490c-846b-da42907bfe38,single,52,Furniture,621.33,East,2021-02-12
75ad1aec-05f3-4f10-ad0e-d44a3a4a5115,goal,230,Furniture,781.61,North,2023-08-21
01c272cf-7ee3-4e6c-a551-eb0f9711b986,power,921,Electronics,484.58,East,2024-03-13
8df0c5e9-6b48-434b-8a91-0f813e79d17a,college,23,Groceries,608.16,South,2024-03-16
66e28abe-ee29-4ae5-8948-2f660086d62b,share,373,Furniture,94.29,North,2021-10-06
c4875b15-4fc7-47ae-8fdb-561ea3aed05f,baby,126,Groceries,210.04,West,2020-12-27
c58f5e3c-8faf-43a8-a02a-c5df69c0eb17,protect,638,Electronics,18.94,West,2020-12-05
6ef7ecb3-ab26-4a3b-a650-8e56386d58d0,physical,732,Furniture,319.12,South,2024-09-23
daff4e55-1689-4250-adf1-a477fbc006f4,range,747,Electronics,555.75,South,2020-01-29
03516368-3a28-4ea1-934d-25c6e14ce3e3,finish,832,Clothing,759.01,West,2020-09-05
fa133268-47e4-472d-9653-bc7f14541bbc,begin,727,Groceries,249.96,South,2021-09-08
0777cc93-167b-491b-913b-222ed60d4721,worker,595,Groceries,507.14,South,2021-08-28
4076ce77-8a28-4a75-9d5a-a29808b40586,set,673,Groceries,748.7,East,2024-10-21
8b5835a8-75bc-42a9-bdb1-4b5cb6e1e219,discuss,681,Electronics,555.97,South,2021-01-18
30f2f338-cbb9-4085-b601-1d438af4c61c,early,319,Furniture,835.65,West,2022-05-04
be3d8b25-f592-4752-84ab-d03b18d803a7,fall,253,Clothing,511.41,East,2022-12-28
aa28dcdd-0577-4768-b597-0126c60f0f87,white,183,Furniture,886.44,West,2020-02-07
b28233f8-22b3-4753-9a2f-38efc48519b2,after,520,Clothing,234.8,East,2022-03-04
c81339f3-73de-4dd2-9f03-75875a484b7d,audience,769,Groceries,847.19,West,2024-08-30
c2746b34-954f-4357-a341-d361441afe0a,drive,893,Furniture,329.61,East,2023-08-15
0287c14d-43ee-47aa-bacd-0d03f915fa27,campaign,171,Electronics,51.2,West,2020-01-14
780f53b8-86ca-4942-b0f8-781e5f2c88c1,discuss,547,Clothing,973.79,West,2022-01-25
caf58060-6297-484c-b78e-31ea61d16fda,better,235,Furniture,968.31,West,2024-01-21
c345c36c-7361-4d4d-97cb-53fa1dafec9b,interest,854,Furniture,947.98,West,2022-12-25
174bf1d4-499f-4bf3-9d58-3efc78b5f82e,control,338,Clothing,224.15,South,2023-01-18
511a3c8e-2635-4510-8a5d-6857f9a62235,claim,370,Clothing,612.19,South,2023-05-20
131045bc-e520-49b8-aa95-cf59503f6042,great,700,Clothing,27.35,South,2023-02-25
bb89edea-6837-49e6-95d1-a6d860212423,by,415,Electronics,689.07,South,2022-04-26
38860855-9228-4213-a806-31ca4ae947d6,wear,646,Groceries,293.41,North,2021-01-31
b5fcf3f6-67b0-473b-a203-ec1676395068,effort,711,Furniture,832.04,West,2022-01-03
d3cb9b5f-3fac-4afe-a437-6d128485da55,various,974,Electronics,816.06,East,2023-11-17
75910703-1873-474d-9253-ba278f762e74,believe,775,Clothing,381.0,North,2022-12-25
09109cb9-1f6f-4ed6-a9b8-16e71a638e7f,manager,877,Clothing,887.47,South,2021-08-25
9030c61d-80aa-4a46-9422-bd177c3bee99,third,128,Groceries,862.23,South,2022-03-15
bc65a7ee-c2f7-47ac-b681-9e82beba3050,plan,704,Electronics,49.15,North,2020-08-26
31a21d6e-b07e-41d5-b4ec-6010387403c8,turn,962,Groceries,555.06,West,2020-01-14
2237f39e-67b9-41f1-8192-d62f56850bf4,improve,866,Groceries,507.45,North,2024-06-25
7ee8736b-fcc3-4fde-8bda-de93982207ba,political,510,Electronics,99.67,East,2020-07-03
bb670e59-08c3-499e-9624-c740fd5d6e1f,career,176,Furniture,793.77,West,2024-07-08
8b307520-d8fb-4fe9-852a-df9a79cdf515,trip,813,Furniture,578.44,North,2021-04-18
e77cdaf3-3ba5-4b46-b718-672d8edf64d4,whether,189,Groceries,770.63,North,2022-01-17
41b1ad5b-9d4e-4b67-a9c1-c76f66047526,compare,495,Clothing,103.28,West,2024-01-10
0f0fa75f-a530-428d-b5bd-b73b2edefe69,final,324,Groceries,360.46,East,2023-08-12
7bb4cf4a-d085-4717-a4db-b939386ebdb1,international,186,Clothing,543.41,East,2021-11-24
0530f9c5-4da5-425a-bf71-d3e622bf3f2d,check,404,Groceries,996.64,North,2022-03-27
046fecaf-c8a3-4dcc-9382-78753849f8ad,voice,806,Furniture,717.89,East,2024-02-27
d46edc45-3999-4bb1-8978-8603f6f2ff61,any,667,Electronics,829.44,North,2024-08-06
fc2f2601-0317-44db-afbd-1c882fe3f852,building,103,Furniture,780.0,West,2020-05-02
a5896d30-5efa-4837-a418-46b692ef12fa,provide,73,Groceries,748.19,West,2022-04-14
add218a0-9a58-4c52-be31-c1db780eaec2,meeting,187,Electronics,398.38,South,2025-01-02
c39acea5-2134-4340-b566-ed211d3f99ec,industry,841,Electronics,643.45,West,2020-12-31
8d44070d-5dbe-4458-b15d-c57af5bc496e,should,43,Clothing,802.88,South,2024-12-04
4b72888a-d666-411f-9299-4d292b2b71f6,box,480,Furniture,679.75,East,2020-06-07
4ae862ba-ba6d-4b03-ad1f-503832d4a21c,chair,390,Groceries,555.23,East,2020-06-01
159ef703-0ab1-4afc-9f81-6b2e96337361,high,312,Clothing,468.85,North,2022-07-03
c35b07d5-09a1-4256-876a-ee790b82f88e,rule,875,Furniture,672.33,East,2022-03-03
49c8e69a-3986-4207-95a8-62aaff1670a2,yard,847,Clothing,801.65,West,2021-08-30
15ef804f-45be-4e30-8ba6-25cafbfc62cb,begin,657,Clothing,911.51,East,2021-12-17
b7c1461a-d353-4964-aaa6-6906bd01fea8,age,552,Electronics,264.36,South,2021-07-30
64ecf1ba-dfad-43c2-b930-ed7b8033d019,history,678,Clothing,569.04,East,2023-05-14
f73813cf-0ba9-48c6-af05-69f3c9186863,pressure,415,Furniture,615.35,West,2024-12-14
68a918fb-6069-43c5-bc2b-9c5887490e1e,good,264,Clothing,549.15,East,2020-02-28
f8abd3e0-e93d-4565-88b9-dcbbaca6c118,buy,387,Groceries,824.86,East,2023-09-07
67092e5d-491c-4f5d-a2fc-d284b5569787,year,561,Groceries,863.22,South,2022-09-03
b21f4425-764d-4008-8cc3-25475986c18f,benefit,885,Clothing,536.48,South,2020-02-03
16d9498b-5f5c-47a8-a9d3-33f975e8f9a3,attention,530,Groceries,610.71,South,2024-06-26
cb8f51f9-025e-44f4-84ee-16f69f4ba3d4,field,414,Electronics,417.56,North,2022-07-25
ae404c2f-ed06-4cd5-a21a-7b72694b13ed,necessary,904,Clothing,716.39,East,2024-03-26
5b7175ed-9a05-4ed2-84d6-6445c3e73019,suffer,812,Furniture,145.34,North,2024-04-26
c4dc911e-39c6-4b1a-a4f4-b4c532f9ddf3,hot,187,Furniture,609.97,South,2024-11-23
c1c2310c-c335-4451-bb75-9de6bb900085,guy,218,Groceries,143.53,West,2022-06-21
e8c33774-b8c9-4309-9005-27b029804920,story,395,Groceries,456.95,East,2020-08-13
a2e3bc31-6b06-4458-b183-2051965fa286,enjoy,331,Furniture,835.85,North,2020-07-01
d9e57de3-3179-40bc-bf59-41bfe33bdb7d,win,976,Groceries,530.4,South,2020-12-04
6bca5c71-4265-4fc2-bf25-8e0f4fed4c47,take,973,Electronics,421.27,South,2021-04-18
7496823c-428d-47c9-b1d0-81901a2a401f,machine,671,Electronics,546.05,East,2020-08-11
9294fd52-cc52-4104-874a-98ebf21cf867,parent,826,Groceries,930.67,South,2024-09-26
f903dfb9-32ca-4fa0-bb7d-5ddd165c4d46,strategy,846,Furniture,275.59,East,2024-04-19
7d6238bb-1efd-4d52-9aef-a6b57cc692d2,example,561,Furniture,372.07,South,2021-01-30
3c359c8c-b9f9-4fff-a0e9-b192856bf95e,stage,199,Furniture,420.69,East,2022-04-12
c9b154e3-f94d-4bea-86bd-c22a3e03d433,child,277,Groceries,17.9,North,2021-10-09
b54e77d9-e9e2-4935-bb10-eebdd168614e,Mr,951,Clothing,752.78,West,2024-06-13
2cc97d84-28e0-4168-8eec-6adffabbe030,Democrat,484,Clothing,762.89,South,2020-09-16
01da5a75-3c40-47c9-adcf-c343ae11cb5b,understand,548,Clothing,463.81,South,2023-06-30
a9093ba9-74a4-4e50-bfa5-0017ae71103a,lose,148,Clothing,507.5,East,2022-09-22
24c52b2c-bdae-401b-8617-be76f1b97d8e,report,943,Groceries,43.1,South,2021-07-02
cd67e8e7-1ea5-4ab6-8e8b-cd4214df52f0,kind,487,Electronics,605.29,South,2021-07-31
c8963b70-a2d5-4a9d-8c44-370eaa0add13,ok,725,Groceries,359.12,West,2022-12-19
9b705e37-bcda-4dc3-8943-92116fef91d4,he,819,Furniture,102.25,East,2024-12-17
e3d23d8e-0585-4270-ad3b-f8319eb90b7f,movement,665,Furniture,451.84,West,2020-06-03
67b4b13e-a3e1-48f8-8c35-2423d2cf08b6,participant,411,Groceries,361.13,South,2024-06-14
a98843b4-4681-4cf6-b8ec-cf3c013410dd,professor,253,Clothing,972.31,North,2020-11-05
e82d677a-6ffd-4e0c-93c9-e783cdb6cdb8,girl,286,Clothing,79.33,South,2022-08-08
b3e47bc5-2b2b-402f-ba9d-f383ef864533,best,710,Furniture,562.58,East,2022-06-05
2dd8f171-8e63-4eb5-9a3e-f1d4f1613b48,create,199,Furniture,913.38,South,2023-05-24
9bee66f9-2771-46a5-a58b-e61443892624,force,864,Furniture,526.05,South,2024-08-13
66436f14-96d4-4c8c-ad7f-8502a2fe0153,eye,134,Electronics,880.93,East,2023-09-19
6d6e43a3-3611-402a-b300-3f27c4e0de97,medical,23,Clothing,58.09,East,2024-02-14
5216b280-8efd-42f7-b867-e5583c8d3b44,main,637,Furniture,327.64,East,2023-07-20
629830a7-ac32-4aea-885e-d95017275fa7,along,611,Furniture,490.92,West,2023-03-31
5563317d-3efd-4d85-9642-9c1dadd485e3,official,888,Clothing,336.87,East,2022-05-29
f79e394b-a59a-438c-88d5-ad1073a75ae0,understand,730,Groceries,825.57,North,2021-06-24
c0f96ec8-860b-4904-915a-578268897eb4,single,751,Clothing,631.33,East,2023-04-26
f2c49349-75a7-409a-b8a5-889805e6782b,car,223,Electronics,900.52,East,2023-06-13
ed61c13e-033f-4561-bd73-c76db98aa35e,measure,673,Groceries,982.92,East,2024-10-16
88eee6c7-9cc7-4b7c-9d77-4756b88a906a,including,196,Furniture,346.28,West,2022-06-26
edf18246-f992-4b0c-b937-d08c07c0f597,money,379,Clothing,227.03,South,2021-04-24
13aadfec-6abf-40c3-9605-6ece9c4a5c96,movement,834,Groceries,54.68,West,2024-02-28
03ecd1bb-9f93-4381-b498-43005d99be1a,return,326,Groceries,694.59,South,2021-09-02
cb3812dc-c206-42e1-9c00-4f014e461876,in,419,Furniture,959.02,East,2021-03-01
9b0c84e8-8c5d-4458-ad37-098662ebfe51,student,379,Electronics,298.08,South,2023-01-15
fdc639b3-d38e-4c02-a490-ad2daabdeaa2,raise,93,Groceries,528.86,West,2023-03-12
e604524d-600c-466e-bb74-0be1817712bc,rich,30,Electronics,378.02,West,2025-01-08
3a30eb17-a070-4060-9a1b-0c17869b5299,two,208,Groceries,506.17,North,2022-05-10
57e89ac0-f670-41c7-b6ca-33e96584e922,long,735,Clothing,59.93,East,2024-11-24
4c848f38-916c-4913-b99b-9c2bc502fcb2,investment,834,Furniture,204.16,West,2023-08-30
b3002ef7-bd17-4e15-a4e6-e9e38c7ccf32,yes,713,Furniture,543.6,East,2020-04-30
dd68de54-48cd-4ac0-b4f3-abaefd3f9d87,once,186,Groceries,544.77,North,2024-10-30
c3a8882b-6af2-44ff-826e-01afb409ef6e,end,241,Furniture,630.73,West,2021-06-11
62c46483-ad56-4c70-be77-8cc44b8e7767,something,208,Furniture,296.89,West,2022-03-09
f158d7b6-cab9-4ef4-b525-6022c112368b,about,33,Electronics,598.62,East,2022-04-01
29b7557b-6e4e-4e86-9b8c-8af185e747b8,be,602,Clothing,12.25,East,2021-05-13
11ea3229-432b-484f-becf-2e012056e913,interesting,640,Groceries,604.26,North,2024-06-04
7744091d-f5b2-42f6-a907-1aafe1606739,recent,395,Electronics,933.65,West,2023-12-27
1cda926a-3c1a-427b-a10e-fd0a9793f107,maybe,503,Clothing,53.75,North,2024-10-14
e2596bd7-8d34-4011-9e13-caa1ba24ff37,free,112,Clothing,564.08,East,2023-12-22
521583b3-38a8-4dbe-b462-a094a6be1451,police,507,Groceries,800.7,East,2022-03-29
1dc28061-ab56-425d-9148-5112a724c3fe,idea,77,Electronics,241.23,East,2023-05-21
b6c86c79-062a-4822-8888-6c4fc85c844a,pay,264,Electronics,701.72,South,2020-01-21
b4ee89f7-cc32-46ed-b472-7cbbedf328d4,add,271,Clothing,431.38,North,2023-09-24
e45d3ef5-e54c-48ab-ba76-7171f34eae65,recently,652,Clothing,717.61,North,2023-01-08
b23b0dd5-50e5-4fb5-a9ae-7c2536fd6b10,most,383,Electronics,628.04,South,2023-02-03
da3a4b33-3f27-44c1-b3a5-8b53162dcce2,office,834,Electronics,774.05,West,2023-01-25
d01e49f9-c3bb-421f-a844-e077b32f9f17,much,948,Furniture,544.08,East,2023-06-26
12c6ba44-a2d5-42a1-ac4a-3da8e1de6bcb,able,473,Clothing,694.32,West,2024-09-16
055a3998-a099-4ab6-ab74-fc531112fa37,suggest,561,Electronics,888.4,East,2020-08-29
a1882e3a-0180-4c51-8265-0a79012bd645,order,712,Furniture,478.6,South,2024-01-20
7e5473bf-d416-49fe-9525-82e7d952b1ca,box,340,Groceries,82.22,East,2023-11-08
8b4c6606-8207-442e-9ddb-d007b3b8c54d,lead,750,Furniture,398.92,West,2022-04-11
42384e78-5012-4750-a438-a0ea3b5b8714,already,102,Groceries,759.31,South,2020-04-15
0f5ce1de-f078-424a-a7e9-2df5f4fcad70,score,191,Furniture,414.5,East,2022-07-10
50e448b0-4ea7-46ff-bc3c-e515c786d803,question,592,Furniture,506.14,South,2022-11-16
cd7454b4-5c4c-4cf2-a7ba-2410c17e3243,clear,918,Clothing,109.13,South,2020-05-16
4347f228-2f89-41a2-919f-ff7fefd4162c,old,346,Clothing,663.35,West,2022-11-01
fb9425bb-2a97-4f32-b205-6c4afcfa775d,message,532,Groceries,105.03,North,2021-02-22
3dd96476-bbd1-4c20-91e0-8847d19a5281,then,280,Furniture,319.7,West,2023-01-24
28e12ad3-eb87-4dae-b0d0-1a004bf198f2,part,818,Furniture,56.53,North,2022-12-01
0cf256c2-f5cb-4570-92eb-0a4c70eb1795,decide,774,Furniture,46.75,North,2024-07-28
5c6b8077-e71a-48b3-87e0-287b8f68c0ac,candidate,258,Groceries,821.3,South,2023-01-18
b29ef4e6-1ece-438c-9843-3ecdb4d01359,building,606,Groceries,807.11,East,2021-10-05
f75a316c-f1b0-4bca-94e3-9e30fec1e306,form,523,Groceries,167.93,North,2023-10-30
6089d236-eafc-4d57-b98e-f5370ed3e308,sign,888,Electronics,147.1,West,2023-12-08
4f797757-fff0-412b-9567-c607bf7f02e8,small,977,Furniture,977.37,West,2021-06-23
061d53cc-edad-46ec-8d8c-1071abbb0cf2,like,23,Groceries,358.81,South,2020-06-26
831fb2bb-17c4-4ad8-8f72-231ef7d9c811,land,721,Furniture,566.31,North,2020-01-21
d9432e91-5ffe-4245-95a4-1b7d2daec84e,help,456,Groceries,421.84,North,2021-04-04
fb8ae8a7-a7e1-4c6f-a760-c96fac852d2e,candidate,387,Furniture,977.24,North,2020-11-08
bd46483a-babe-4e30-a83d-1f36c8ee04a5,something,97,Groceries,390.18,East,2023-07-04
1ecd85a8-754c-4438-bba5-f42a8ac58a6f,where,945,Clothing,959.88,West,2025-03-03
89163434-6c33-47df-869a-56f7e2a66b2f,why,809,Clothing,837.68,North,2023-06-20
6fed2f40-bd28-481e-91a5-393ffae7681a,teach,647,Clothing,137.83,East,2025-03-20
e1144586-c263-48cd-a5b3-3ff53ca5d854,audience,928,Furniture,742.63,North,2021-06-28
4faa283f-6e9a-411d-a4d8-7699bf9c2c39,billion,954,Furniture,346.44,North,2024-07-08
bc197754-a979-4bdd-b9d9-0ea4c396d495,face,713,Electronics,677.83,West,2024-07-30
5985ae4a-55d6-448e-a3d0-3a45ce2c0a78,thousand,257,Clothing,51.35,West,2020-11-05
e806ea26-c3aa-4759-900c-c3afff1510cb,hold,174,Clothing,182.27,North,2022-04-08
a8be448e-4590-4409-9e64-963c7fd9e90f,worker,362,Clothing,183.18,North,2023-07-31
071cd7d9-30c2-4ab4-8a51-854bb65c4f67,memory,345,Groceries,323.82,East,2020-03-26
ae89c1cb-29b4-423b-92d0-f6f062b83e5b,floor,181,Electronics,822.95,East,2020-11-28
cb094951-9646-4ca1-85ac-9d6b5012a28d,effect,395,Electronics,725.16,South,2021-05-24
fc710d04-8e5f-497f-9bae-6d77aad6efee,teach,696,Electronics,823.69,South,2024-11-14
4a799f4b-a0e7-4f00-831c-0f7385f9136e,both,93,Electronics,754.13,West,2024-01-27
3b1567cc-ffe5-426c-b4fd-90610f1de94b,book,187,Furniture,162.85,West,2021-07-24
fba2d6b7-038a-4356-9080-3d61deb925d6,simply,24,Clothing,648.25,West,2024-01-08
d4b305e1-cee8-4d8a-80f3-2c3f956e971d,their,850,Electronics,15.18,North,2023-09-01
b974d4a1-d3b5-4c3a-bbca-8706c9ef7e96,modern,4,Furniture,791.54,South,2023-10-06
6db3b049-e800-41b4-b9e6-d85e928897ad,here,461,Groceries,854.05,South,2024-03-24
aa2f391b-fbf2-4309-9712-f16a33c7ac08,center,418,Furniture,766.28,North,2024-05-01
14d4e54b-1e5f-458b-9587-66b4d993c19f,accept,915,Furniture,103.73,North,2025-02-01
34b2df63-3bf1-45a2-954f-b6b8fdb771af,interesting,647,Furniture,430.58,West,2024-03-30
8702543d-07a2-45e8-901f-e54302f0a5d8,employee,249,Groceries,963.64,East,2020-05-21
bb17472d-7526-47e2-a294-2cc5a85eb7e0,its,81,Furniture,758.74,East,2024-10-28
d96ebb79-7ed8-4a76-a99f-9a973f790cc8,lawyer,665,Furniture,46.3,East,2023-04-22
d7cb19ad-eaf9-4917-b981-388cc22bf8b6,understand,692,Furniture,177.02,North,2024-11-08
a60bfcf3-e1c2-4126-8a4d-a7e4af73bbcf,draw,528,Furniture,929.06,West,2022-05-23
49574f52-4020-4972-afbf-5c82a0e6043b,political,530,Electronics,876.81,South,2020-12-23
0cd5a60b-2ec1-43a8-99a0-32e2be67bbc2,future,754,Electronics,398.17,South,2025-03-31
b9af0fb8-a6c5-4296-84cc-6439f6784119,Republican,298,Electronics,368.09,West,2024-11-21
349bfa25-ad4d-4be1-a26c-d7691737bc7f,him,723,Furniture,442.36,West,2024-10-22
34137536-0518-43fe-b11b-83a5e16b517f,condition,368,Electronics,272.67,East,2021-05-24
9e026de1-fd8c-4b49-8cb7-098eb31fa868,small,741,Groceries,170.49,West,2022-03-21
8fa10dd7-3427-4a3b-884d-2fd04a22a453,build,784,Furniture,54.24,South,2020-11-22
65cd3f44-76b4-4d34-8c96-68141d9b3ff3,ready,898,Clothing,63.33,East,2024-09-25
defe05b0-6c80-488e-ab34-ab3e827825fc,popular,832,Electronics,162.64,East,2020-02-10
02400d11-ef23-44e8-aaec-abe2db392a6a,fish,992,Groceries,678.65,West,2022-05-10
45973553-97da-442f-bd1c-066e40dd2ae0,race,37,Furniture,915.01,North,2020-08-07
bfd7ccec-f928-42ef-85cc-5cd086f5363b,order,707,Groceries,989.22,South,2024-01-10
2813fd18-b180-4cd9-a5d0-0738a6f91d2c,our,969,Furniture,773.43,East,2022-07-07
789491ea-baeb-42f1-97fe-0d11f7ae767d,suddenly,365,Electronics,676.83,North,2023-12-02
1f2129e4-1a1e-4f38-9da4-7395795eaff8,man,912,Furniture,569.1,North,2023-08-07
19f48f57-63e3-4c91-b203-4b5bdceef2d8,short,707,Electronics,365.41,West,2020-06-05
3569c073-f56e-47f5-9f49-d324db4e56af,enjoy,722,Electronics,660.65,West,2025-01-21
0a153202-8851-49f7-895e-8b6343e8f768,decide,357,Furniture,441.84,East,2020-01-13
46c622e7-fb56-4721-b235-3c181f96b519,second,49,Furniture,332.45,North,2021-07-08
f6e23c49-4d72-463c-b1bf-1a8041913673,ready,786,Groceries,233.25,North,2023-01-11
6cb1bbfc-df39-4aab-8857-f4db31fdd5d3,blood,597,Clothing,20.67,West,2021-04-05
19406308-86e8-43ad-9529-1802bff2437f,process,354,Groceries,283.65,West,2025-01-07
85023625-be72-46d0-a3ed-23baa8160bd6,follow,636,Clothing,160.2,North,2023-02-12
c5c8f811-7283-471c-8d29-189a51318dd8,career,749,Clothing,821.54,North,2023-01-23
75fe4dae-164d-4915-9e00-973078190075,soldier,827,Clothing,639.33,West,2021-09-26
c2204053-da85-4ef6-8b42-a0f690d956b9,job,572,Furniture,792.23,North,2021-07-29
d6fce452-b56f-4fc5-bf3d-473de3220cdf,month,517,Clothing,676.7,South,2020-04-23
4f3aef05-0ae8-406c-9a7a-2c5152b2af4f,create,141,Electronics,328.59,South,2020-03-28
841dd7f0-333d-436c-8f00-de15ab7148e5,number,304,Electronics,622.08,West,2020-10-25
be98c527-2ed2-403c-bac2-c81757d03202,itself,899,Clothing,509.06,North,2020-02-20
e27d816f-942b-4b7b-b7ef-de2ff0ab1a79,throw,97,Furniture,7.5,North,2024-08-25
7f355722-f607-42b3-bd56-9fd462ea7cce,over,416,Groceries,711.58,North,2020-08-09
9b11abf8-3a14-4dcb-9ee0-accd802972e6,hundred,434,Clothing,640.26,West,2023-08-06
9c47eab8-1a75-4aa4-91a5-e9a1da3a34bf,firm,655,Groceries,949.62,East,2021-01-07
d8c7c115-5a5e-4075-922e-cc86e384fe2f,business,729,Clothing,634.31,North,2021-05-01
bd8d0b3f-89c3-469d-88b8-9fa1c6b21289,sing,538,Groceries,613.08,West,2020-02-23
252cde97-b956-435a-8d4a-302ac5fa3765,get,603,Groceries,678.67,North,2024-12-12
52fe7985-039d-4033-89ac-bd5f2a1858e9,center,545,Clothing,984.36,West,2023-07-18
0b65e2ad-403f-4d53-ae47-0482b7b80c15,describe,177,Electronics,275.77,East,2022-04-21
a424ad75-3b59-481a-b6be-a19543f19825,sit,291,Furniture,182.24,East,2020-01-14
211b4bfa-4142-4c68-897c-b9698fa68704,girl,566,Furniture,950.55,East,2022-07-12
d59477e1-2721-40f6-b068-66215c9e6a0a,think,153,Electronics,338.1,West,2022-03-31
b6814164-ca0d-48fe-a10b-df87ae078d8b,three,707,Electronics,722.16,South,2023-01-29
1803b012-e9db-4686-a108-eb219854babb,Republican,908,Electronics,795.49,West,2022-03-10
6792644d-cab0-4864-a580-43d2a8889e1c,campaign,631,Clothing,431.33,East,2023-01-22
297c03c5-1b7b-40f4-bab1-f1370aa65cf6,word,280,Groceries,603.02,North,2024-12-31
ff79ae12-260a-47c6-af66-bfa8a61750d7,head,699,Electronics,996.4,West,2024-11-02
41da9614-1091-4930-8db1-58ee8a0d5620,above,819,Clothing,993.0,West,2025-03-27
df84ba0a-fc19-4f5e-be7d-a31af3789a39,event,333,Electronics,717.05,South,2023-02-04
f081d084-8e03-466e-a6ea-81a2a0ac3bab,camera,353,Clothing,232.98,South,2025-03-23
11f04f3e-bd0b-468d-be1a-89d6ffcc239d,particular,612,Clothing,640.39,South,2023-07-16
c5b5399f-f810-4d8e-aab8-f75f572cb0f5,only,569,Electronics,708.06,South,2020-10-02
b4a31762-e8d4-4405-93d8-6209c147b861,activity,327,Clothing,454.97,South,2022-08-29
af718b03-c449-427d-885c-a86aa9bebdce,sea,837,Furniture,497.27,South,2025-01-05
7f18043b-a1d0-4346-8460-e79a85d5c798,operation,568,Clothing,125.87,East,2022-01-15
95724495-3f74-4ab5-be0e-ae4a25e70248,give,20,Furniture,5.77,North,2020-05-28
8dd53432-6ff6-4047-8a6a-8968288467f3,despite,9,Clothing,964.15,West,2024-05-13
c425a40a-6931-462f-afa7-8117e1d552de,get,461,Groceries,102.3,West,2021-03-15
f663be04-88d3-4700-aea9-034b4d41da14,deal,768,Electronics,770.94,East,2020-10-25
5b9dab9f-df79-4ada-96b6-6e9672b613ba,north,839,Clothing,344.35,West,2025-02-06
c0a89f1f-bd45-4bcd-a4d1-7485f2442372,house,830,Furniture,493.25,West,2025-03-12
82f31f8c-5b10-4122-ab3a-6181b71337ee,college,343,Furniture,927.6,South,2020-10-04
e6b51e44-f9b4-49bb-b61b-0d81f1865e8a,perform,895,Furniture,553.23,West,2025-02-23
00d5dbea-6379-4fc4-b8c5-006ca44fb07c,budget,978,Clothing,575.62,South,2023-10-21
3caf46d4-a545-49bd-b5b8-eb0de69c8792,believe,560,Furniture,636.68,East,2024-05-20
d3dc8ab9-b62e-468f-9ed9-ebf366666738,reflect,376,Electronics,606.17,North,2021-09-07
d56fa729-51ff-4fe2-b883-786a5279c99f,a,814,Clothing,601.93,North,2020-06-03
ed4bb617-ace7-477d-8779-350f92ccbd25,cultural,276,Clothing,885.12,West,2022-09-05
1723ae11-c725-49ad-a2ac-7ae31ea711e1,source,720,Furniture,526.93,West,2024-07-02
e8b0c905-a4df-4fd0-989b-492027724f4b,strong,403,Clothing,745.06,East,2022-01-19
d3bba402-d85e-41bb-a9ed-4a77dd4fec5f,brother,102,Electronics,158.04,West,2021-06-09
fc58a222-4fe7-4185-9888-e8a42495637b,executive,905,Groceries,312.38,East,2023-08-16
0fffe839-9918-46c9-83f9-ea2d9aa82d38,another,678,Clothing,420.85,North,2021-08-12
edc303d0-dcc8-40f2-b1cc-5afc8948f9ca,federal,97,Groceries,118.98,North,2022-01-18
6cd87164-9985-425e-a21e-0ce4508f0623,relate,467,Furniture,912.32,North,2023-04-20
866e36f4-7ad2-4fca-9c63-9841ebcaa6a8,I,948,Groceries,761.83,North,2020-07-23
266d232a-cc0d-49eb-b65d-b8bc356a7c05,girl,480,Clothing,879.81,East,2020-06-14
9e52d060-2570-4b80-8964-e839e910a2d2,event,883,Clothing,106.06,South,2023-04-24
571bb74b-1faa-4d65-80f0-f4ccfe52e87e,cause,827,Groceries,426.17,West,2022-04-11
d7401050-884e-4a54-b917-1ac0be630d56,bed,417,Clothing,56.19,West,2021-09-19
1bf943f6-e3c7-453f-8e7f-3cc1ae9a86b2,son,863,Groceries,477.11,West,2020-01-21
eee4fc34-5b76-4a5a-a2e3-2fda2855eb8a,dinner,361,Furniture,817.18,West,2020-10-31
85e97804-4407-4e9c-b244-c1fe3856e3b5,energy,384,Furniture,289.39,North,2024-09-02
fb219e11-b1d8-488c-a049-c721e4693a16,feel,782,Clothing,356.84,South,2022-04-24
a778335c-68e3-468c-8021-6db654c46029,theory,236,Electronics,722.33,South,2024-05-18
728ce9d3-5d6a-41de-9e54-a32f77fcf8fa,new,220,Clothing,922.34,South,2022-01-18
829a8d0d-f1df-4482-ad89-b7ccb5cf1db5,get,481,Groceries,448.65,North,2021-08-01
59a1d395-bff2-47fd-84e1-ad5e52990ea9,push,435,Clothing,12.03,South,2020-10-30
5e2ccaa9-dc63-415d-a534-4c0b85ecedf7,leader,833,Electronics,763.37,South,2023-12-27
d2813cd3-4514-4e0e-9bd9-965b00276d34,positive,533,Furniture,866.98,East,2020-11-26
b721d1d6-a72d-4953-b3ab-9941993ee75d,now,280,Groceries,967.88,West,2023-11-17
d32e3188-7529-47ac-ac9c-11e28544d772,important,59,Groceries,579.83,North,2025-03-21
8470ee0b-3aaf-43fa-9ded-61fe359f74ad,at,890,Groceries,556.41,East,2024-01-25
ad6ae3c7-9fae-4a0c-9110-3eebe786beef,agree,778,Clothing,670.15,North,2021-03-14
76fe48d5-476f-4003-a2f0-c6d3d6c54bbf,let,114,Groceries,773.75,West,2023-07-17
1393c0e7-515c-41fe-adfa-f1d53de8c551,per,157,Clothing,560.98,East,2023-09-18
65fcef48-c4c3-4382-a9ce-c15f2b818327,your,212,Groceries,18.84,West,2021-12-11
2b156ee0-47e6-400d-94cb-3cb495efeb7e,speak,24,Groceries,63.94,West,2021-12-24
afda5e54-b773-4e04-b439-ce05833e1c68,guess,716,Electronics,808.41,North,2020-10-17
a05cbebf-c6e4-4637-a3bb-1bd528245e86,wonder,603,Furniture,290.3,East,2024-01-25
d65de827-9b02-4cbb-b71d-fbbfaa0353d7,this,259,Electronics,168.91,East,2023-05-01
ff771890-e1c7-4d2c-b6ce-0c9a3a92d095,Republican,923,Clothing,616.67,West,2023-09-04
3fa21e21-111d-405d-9a1a-7544ed64df60,child,758,Clothing,101.43,East,2020-12-06
40c3e892-a771-41cd-abb7-83ed6e6fd713,finally,794,Clothing,406.89,East,2020-09-21
61b0a620-2076-4ad1-b143-5e637a9ae90b,dinner,989,Furniture,918.37,East,2020-11-10
29c22fb6-188b-4c95-a4c2-d88d4dee8934,third,280,Electronics,208.94,East,2020-06-08
0f5c453d-f2bb-47bc-92ef-280e3031a4c8,morning,380,Groceries,183.08,South,2024-12-03
3e49ca19-1964-4d21-8620-814ce577c7b2,large,371,Clothing,266.02,West,2021-04-05
053afdb0-439d-4f76-840a-3b9359a62a33,develop,16,Furniture,629.6,West,2023-09-15
73fbb2bc-c5e0-4452-9739-3a8608189c17,north,734,Furniture,654.81,South,2024-10-17
b67aded1-d3c3-4be8-a395-1b913985693f,international,140,Electronics,213.44,West,2022-10-26
709707f9-9335-4c73-9921-589cc6089ec3,medical,493,Clothing,286.53,West,2024-10-10
36b7ce90-d30f-4720-8c5a-7eb115ab212c,smile,153,Clothing,662.62,West,2021-04-02
1ae5d1ee-a629-4db0-8e36-f89a9d73dff7,score,784,Furniture,817.1,East,2022-08-22
a8fffa54-cddc-4c18-8711-e0cb9a33c411,grow,149,Clothing,824.71,East,2024-06-29
213dd3b3-e286-4d46-ad6f-6fe618105007,choose,97,Clothing,662.16,West,2023-08-27
d6f38d38-01fd-447e-9099-9795831ef46d,set,378,Clothing,557.51,East,2020-04-26
b44b9d84-dd88-4135-8c74-3ae1c11fe6d9,whole,634,Electronics,18.92,North,2020-06-28
048a4621-171d-4459-bf83-f7efda919239,population,270,Clothing,556.26,South,2024-02-28
2bab1a9a-2c19-496f-82d6-ab58a5f4d732,approach,918,Furniture,806.11,West,2021-09-30
8c927d59-5d87-4959-be46-50452b32a791,doctor,662,Groceries,591.86,East,2023-08-16
947d5bbb-45bf-4888-b4bf-574c9fd37d52,environment,385,Clothing,459.88,North,2023-08-04
c7ba4b33-99ea-462d-91ae-d9b0c8a814a8,idea,965,Clothing,5.7,West,2023-08-15
a0262b51-35fe-444b-83c3-99e499b23081,fact,222,Groceries,73.72,South,2020-07-12
b10d2406-d771-4474-99f1-efc0ce0ebfc1,institution,416,Clothing,536.92,North,2022-12-25
e767fdb5-b698-4deb-9902-9d4b836e5b7a,believe,461,Furniture,196.97,North,2021-07-30
fecd42d9-b328-486f-b69d-54f02a5a507d,note,242,Furniture,672.7,East,2023-04-19
22a72fb4-aa51-4c8c-a7b8-4e02e28c78df,international,527,Clothing,609.0,East,2024-04-23
ab713c82-ddff-47c5-a5e4-80e67e90c89e,involve,163,Furniture,638.78,South,2021-03-07
273ac84f-9b15-40e6-b904-b7dda61ffaf4,enter,806,Groceries,896.81,West,2022-04-05
19c218f5-79aa-4a3e-938a-66837c2a2909,treatment,199,Electronics,529.85,West,2024-08-28
18e9daee-5c6d-4472-a6af-f9504b9fb060,identify,832,Electronics,953.15,North,2020-03-23
69890bb4-8a55-4eca-9a5d-fb626e6a606f,contain,675,Clothing,443.22,East,2024-04-17
2f8e7b79-5336-4f03-adb0-d6db816c9bec,although,755,Furniture,982.14,North,2022-09-19
cc4de004-c93d-4f01-a9ab-79f8a6e3928d,receive,439,Furniture,575.31,West,2021-11-19
491be005-f3e9-466f-a326-6ecaf03bc0d8,sure,175,Furniture,90.47,West,2022-05-30
a2d79664-d450-45f5-a60e-3cedbcb3c529,worry,329,Groceries,890.45,North,2022-11-11
275239ef-f676-4299-ae03-c9c67697ecae,end,955,Clothing,128.09,East,2021-07-23
e7945e7d-a25b-4ea7-b814-2eb5afed6c7f,foot,858,Furniture,578.86,South,2024-03-01
38806700-780e-4d53-9650-13d85816b990,employee,126,Furniture,953.52,North,2020-01-02
67b0f190-c279-4986-beb6-6fc5ea5b6114,book,15,Furniture,964.01,East,2023-08-03
955e0ec6-8690-45ca-a0b9-931bcb5b1244,spring,580,Electronics,15.11,East,2022-10-05
64a8f982-e37e-461a-ab2f-d64371fb0cb4,consumer,105,Electronics,487.2,West,2022-05-03
a5478ca7-8194-4246-90c1-491401d81481,natural,176,Groceries,84.73,South,2025-03-14
4ac6aabd-5835-407c-8ec4-cec9ac0a39c9,trouble,720,Clothing,904.56,South,2024-02-23
19a9ee03-f078-4a96-8b77-4c3b41aaaaae,town,859,Electronics,274.69,North,2020-09-26
29adcbc0-f57e-46e8-8a47-a6daccf0b1ce,recognize,297,Clothing,102.39,East,2024-03-30
e638096f-2d7e-4bec-a2fe-2538cc520797,anything,621,Groceries,361.57,East,2022-01-09
ea97469d-fd64-4e54-9413-0d2471b06ac2,able,57,Electronics,442.25,South,2020-02-01
365a3348-744a-4175-a10f-cf45e827bf33,rest,600,Groceries,220.42,West,2020-02-07
4477475c-793e-4991-92d7-5820485d01f5,break,400,Clothing,798.11,West,2020-09-12
01e3136c-0eb5-496a-89b6-1536ef5c6f2f,deal,711,Groceries,783.68,West,2021-09-25
764745f8-f610-4646-9c17-cd284e74411f,according,142,Groceries,333.26,West,2021-08-20
706b1260-988e-421f-9c67-949463c9d6a2,those,418,Electronics,615.59,South,2024-01-15
60228c94-97ab-4b06-b736-4ce077958dc7,remain,903,Clothing,409.38,South,2021-04-28
3071baed-65cc-4596-88c7-3b3863c88a8f,instead,585,Electronics,893.31,West,2022-08-28
b5528c07-b7bc-4843-9f14-27cf5862e8bc,from,117,Electronics,702.88,South,2024-04-22
aac16aa0-1977-4cc0-b257-e98f054c3336,may,162,Electronics,857.59,East,2023-08-12
490b3292-5780-411b-98c8-eb6b97ecc7bb,man,701,Groceries,196.98,South,2023-12-17
ddeb8240-a032-4d5a-a793-875fca2a75c6,laugh,793,Groceries,905.6,North,2022-05-22
fca68427-6605-4cc3-9adf-e6eb523d93f2,building,255,Furniture,704.57,South,2023-09-13
2865f189-a18b-46f1-b20d-0afc4e183476,entire,728,Groceries,148.15,South,2023-03-05
7704037c-ef97-4fbe-901d-8046e3a08165,whole,377,Clothing,373.49,South,2023-02-09
565b8a91-38df-4c8f-8267-83929cd63ce8,response,177,Electronics,184.0,North,2020-05-11
be716003-36cb-487d-8279-1708f368d0e2,enjoy,155,Groceries,911.32,West,2024-06-14
b2fa51a3-e081-43c4-9a91-b63f1379cb31,activity,423,Groceries,862.24,East,2025-02-01
63941ada-6840-42b1-8952-c8c8e1d78066,sometimes,646,Groceries,338.71,South,2021-11-09
42f0bc9d-e053-4909-a59c-4b001192989a,history,197,Groceries,705.82,South,2020-12-10
5a29de7d-513d-4ecf-a596-9672c59b37df,require,809,Electronics,820.44,North,2023-04-16
b11bbc93-f3a1-41c5-8ae1-cdbbe3a07258,happy,31,Electronics,749.82,East,2024-07-21
44c8869c-d2b8-4f3e-94e4-139e1040da54,law,99,Clothing,860.78,South,2022-10-22
a668f619-9267-4855-8e04-91ef8f0e31a8,result,370,Electronics,591.38,West,2021-06-09
63b96430-c76d-436f-8f22-47aca4ab9c13,two,661,Groceries,735.19,West,2024-11-14
1a8a03ae-3d49-4c51-8670-a504851c6ad2,return,979,Groceries,735.23,South,2021-06-13
e5e8b9ee-fac8-40db-9557-10e9225cfedd,news,27,Clothing,315.72,North,2022-05-26
11901695-d6ee-4036-9b65-fd4ef9260ce1,rich,521,Clothing,73.66,South,2022-10-02
60dd0685-07f2-4853-87fd-7863fee3e059,tonight,499,Groceries,689.42,South,2024-05-09
be628383-62cb-4b82-8e8e-ba9945b44dc0,I,570,Clothing,927.37,West,2021-09-08
476cba5e-a9df-46ac-a325-bff8dbf566d9,save,217,Electronics,318.1,West,2024-03-17
85088cfb-3d43-4e51-9d65-7ba140206563,whether,20,Electronics,502.99,North,2021-10-16
e186dc4e-c2eb-4fd5-babe-540035974b0c,your,793,Electronics,191.63,North,2024-04-09
5c787611-b3db-4433-8193-a8ce095d8047,likely,484,Groceries,321.55,West,2023-11-10
d47b78d4-14d5-49c0-aae5-64783bf14a1b,they,912,Groceries,286.48,East,2020-02-10
a788e1fd-42ba-4eae-a5a8-d956e9627372,explain,238,Groceries,953.26,West,2021-01-18
86ef0080-e469-4612-b9eb-b3e515ba8b4f,another,204,Furniture,595.34,North,2023-01-26
37047185-4133-49ff-be1f-6d5afc88083f,appear,599,Electronics,819.53,East,2021-11-26
48cc8cd0-8b37-4ce6-9b11-6fbc98dd8a93,study,212,Groceries,361.12,South,2021-10-11
3a03e7bf-d6aa-4547-8492-0e8b1069c336,morning,987,Clothing,6.94,South,2022-05-03
368afb35-88c7-4ade-a1f6-6f2f7c6d5959,sometimes,573,Groceries,736.91,South,2023-02-14
063bad8b-1c32-4920-a4cf-d5537f77ffff,best,329,Electronics,501.22,West,2021-10-11
110a3ddd-b811-4f56-a611-3ea52f94f3a6,opportunity,72,Groceries,688.96,South,2022-11-23
dc0a2fd8-6143-4fa0-9da6-f3c9580a9405,professor,356,Groceries,359.85,West,2024-05-30
cc2f83b1-f078-46a9-abc9-8f64a182e2ca,design,970,Furniture,119.34,North,2023-05-16
f11e1b42-7649-45da-8056-bcefa211ae66,court,902,Clothing,799.33,North,2023-03-21
e4f40e53-9bb7-4fae-aad6-c42e76cdd541,nothing,621,Groceries,381.01,North,2020-06-29
787c3ca7-2d72-4eec-b2d3-36d5749c4f2f,enjoy,644,Groceries,801.85,West,2020-11-26
5a862ea3-62ac-43ad-bc11-6590ab295aa3,production,224,Electronics,308.69,South,2020-07-15
b426cffe-23a2-49e2-92f0-2935a616d22a,join,265,Furniture,449.66,West,2022-08-03
0a1cd0c1-2017-4f5c-a9cf-51198f7c3134,low,632,Groceries,568.72,North,2022-11-24
19e2d54b-9f0a-4ef7-ba82-4500e01a6f48,arm,150,Clothing,474.62,East,2023-05-13
81b07613-0990-49df-8459-0ee8c24866c6,together,885,Clothing,492.19,West,2022-03-23
b0f859d8-cb4a-4a72-b54c-f0ce01cdb545,benefit,873,Electronics,111.45,North,2023-12-04
639468f0-6b54-4069-bf5e-e9e13a01a841,method,432,Clothing,725.17,East,2023-09-28
cca83915-b34e-42e7-9265-0b21461a93be,top,10,Groceries,741.35,East,2021-12-15
8ebf57eb-ba14-414c-95ef-4d67aa2bd897,other,510,Furniture,602.25,South,2024-10-03
0e7ee6a3-e794-4e88-8e8a-c6b14bb31ae8,writer,373,Electronics,187.91,East,2023-08-12
b0b040a6-36d8-48ff-831a-fb433af40dca,who,114,Furniture,439.35,South,2020-02-27
9a56d042-dd56-4a3d-9200-7e8532e04f66,blood,97,Electronics,253.24,South,2021-03-17
5f6daf75-1f97-4141-8d77-6187e60f0148,back,561,Electronics,561.94,North,2023-09-09
c6bd5577-9910-4671-a032-6a4fe10e53c1,star,396,Furniture,366.26,West,2024-03-17
5cfe3131-919e-4b9c-9cf0-24a41e58614a,happy,250,Electronics,58.53,East,2021-10-30
1366dcfa-4e33-4d09-ae9a-6a76fec58f23,commercial,483,Electronics,103.32,North,2021-07-12
745a6d96-f9d7-4185-8d76-0ed066bb6d73,why,329,Electronics,142.54,North,2024-03-28
f4f2b429-15d6-44d9-9851-0f95c6f83482,week,888,Electronics,939.91,North,2022-06-11
37016099-6ab5-4eda-aa44-88eb5bf82632,life,79,Clothing,878.72,East,2023-07-07
a0074b4e-f6fa-4faa-8360-4067cd061e1a,particularly,539,Electronics,466.02,North,2024-09-25
51e67dcf-7c12-4418-8b60-21da7cefa392,imagine,874,Groceries,55.91,West,2023-02-04
cfce87de-fcf3-4b40-8174-33cdd61bdde1,try,320,Clothing,257.8,South,2024-05-10
8f31fa88-fdea-4bd1-8e27-fcc77412ab2b,discover,403,Groceries,295.14,North,2020-06-23
d13cdd4a-780d-432c-8aec-febdba9e21f5,through,376,Furniture,471.32,East,2020-12-23
c3559141-3442-4956-b0f5-90f78c66c7a4,among,436,Groceries,250.4,West,2021-10-05
8c381eec-0d17-4aa7-88a6-2a9bc37a7b13,sound,947,Clothing,831.22,North,2020-12-17
0787d7f6-70aa-4a5d-aa6b-6c06a8192c74,over,247,Clothing,547.02,West,2024-08-03
cd71915b-be5a-4e90-8f1d-239ef3253263,hope,265,Electronics,795.67,South,2024-11-01
2621662f-b8ee-4987-b22f-442df592def8,spend,86,Electronics,843.68,East,2024-12-21
fde0ee30-1165-4b8b-b564-df5fcb330b71,father,125,Groceries,47.4,South,2022-06-11
64a49892-c875-4e0f-b5c2-e3bd47d5d3e2,clear,857,Electronics,997.7,South,2023-10-29
6d8d4ccb-b30a-48c1-b33c-da5bc4b7b7cf,one,179,Clothing,352.44,East,2025-02-24
eafd1c37-d54d-40b8-9c05-419008091c78,any,231,Clothing,477.27,East,2023-02-04
c5697535-b61e-4504-a73e-d886a223e7f9,specific,680,Groceries,954.0,East,2023-09-26
b3907941-aee2-4583-aad9-e070af89c438,wind,692,Electronics,104.29,West,2020-02-13
a7e04939-0c6b-4eec-ad44-c243e186e15d,wife,206,Furniture,691.36,East,2024-01-17
7b1900ce-e4ac-490a-bf52-a4d43437934b,every,870,Electronics,191.96,North,2024-01-29
0342f608-64f6-4168-88ad-b8d09b489a31,positive,597,Furniture,517.09,South,2020-12-24
289333a9-7f8e-4249-b37a-91b95cb353a3,unit,289,Clothing,147.08,North,2025-01-29
3a447354-0aed-4119-be4f-5fd6d6dc11d7,respond,384,Groceries,755.38,South,2023-11-23
3ac2ac44-3190-448b-918a-9685d8fe7948,statement,364,Furniture,444.33,North,2024-01-25
841f446a-896c-4e4e-aef4-0b3e7cab88bb,option,81,Electronics,744.91,East,2020-01-18
26a1d2fd-92a6-4239-97ce-cc0c33b3d029,north,230,Clothing,758.61,North,2023-03-15
d7ae922a-0e7a-48fc-a4d7-07b425f2464c,red,128,Electronics,806.7,North,2023-04-15
09d91e2b-93dc-4719-a105-aca3d19db1a7,child,274,Groceries,371.1,East,2022-11-03
a888ca65-be68-4a8b-bbb8-a57d40f772ba,interesting,29,Groceries,308.13,East,2020-07-22
8fcec82e-f33d-4679-ac34-b856bc206800,word,311,Clothing,617.69,West,2020-08-29
71bf4645-e4ed-492d-ab0e-d57bfbd5fde6,recognize,589,Electronics,697.31,North,2024-06-16
0e2e745e-c219-4b19-9213-0edfa3e63fcf,whether,576,Furniture,311.99,South,2021-04-14
422cf943-d9df-4f4b-a6ac-0946329f9154,author,419,Electronics,936.27,North,2020-09-01
14a892f0-add4-466b-bc5a-dabb67315036,remain,174,Electronics,803.07,West,2024-06-29
5c58ac53-4d22-40bf-b729-49787ee8b59c,best,235,Furniture,493.8,East,2021-12-20
ff9a936d-e6a2-4192-822b-9ecae5ac1a6f,fear,550,Groceries,128.58,South,2023-08-08
aa5fe908-c116-4348-a6a4-765362d68417,real,377,Groceries,915.69,East,2021-01-07
286c2ca0-2762-4ed3-84c7-85883d399825,shake,274,Clothing,455.35,East,2024-02-18
9d94d21e-27eb-4d92-848e-0dc7d14af2d9,result,543,Electronics,288.79,North,2023-10-13
a144c0c4-9da8-4f42-889c-e383b2859e52,development,516,Groceries,179.46,North,2021-04-29
cbd616d9-73ff-4d4b-96f8-bf0dd7aa3274,eye,16,Clothing,523.35,West,2020-06-04
bed34350-8042-40d0-83d2-80136512bbdf,fish,874,Furniture,358.0,North,2023-01-11
7f383936-abaf-4bfe-a24a-0758e8b76a87,ten,509,Clothing,332.4,North,2023-12-11
a0cd6db1-0c08-4252-8c56-143690eb5947,arrive,504,Furniture,697.13,West,2023-12-16
a8964d7a-c288-4623-b7ca-caf64d62af31,husband,122,Electronics,447.06,West,2020-04-04
703532f7-0c21-4051-a552-aa0168e2f109,top,820,Clothing,913.66,South,2023-05-03
d5c38498-bfb9-422e-b490-53e132e02466,feel,27,Electronics,481.0,North,2024-07-30
0246387f-84e9-4771-aa02-b2daa47103be,election,118,Furniture,127.04,West,2023-08-01
d68479d3-2bfd-4645-ae39-64eddffc4436,available,149,Furniture,560.28,East,2024-11-22
477766a2-f729-4dfe-925b-530884c94ec8,professional,658,Electronics,159.76,West,2024-01-05
48f0a4d7-ce7c-429f-805c-562f70446d5a,accept,792,Electronics,209.66,West,2024-02-02
957d1028-b3b9-4ff3-88bf-c7e8038ea516,item,821,Electronics,277.53,South,2021-09-25
f69d1d36-bfc6-4af3-b1ff-089ac3007121,parent,911,Furniture,604.31,East,2020-08-24
d30fcd15-0f65-4d14-b74f-1d3eacfda965,positive,375,Electronics,579.94,East,2020-04-01
4f67dce1-6c40-4656-94af-53f87e42d3d8,stage,474,Groceries,119.48,South,2024-11-09
16a7fa8a-6616-4b6d-9dbd-42ba616f7dbc,into,444,Electronics,148.02,East,2023-09-30
a07d33cc-f544-4f51-837c-8c56baabd504,whatever,849,Furniture,639.95,West,2021-06-03
fe11e9f5-6094-4b9a-8ec0-4cdb7aec9c8d,increase,968,Furniture,812.57,West,2021-09-19
a0485ec4-43e9-4ddc-b9ae-7359a3411cd1,vote,870,Electronics,901.17,North,2023-04-21
6c72b3b1-7f81-4366-9a4f-56db076de9f0,increase,88,Electronics,275.79,West,2023-03-11
3c5b2f1f-6536-408b-9767-a9ad74ef0b60,economic,790,Furniture,703.53,North,2021-09-26
d172d1a9-a71f-458d-94e8-d1bde8b03c4c,reality,797,Electronics,310.47,North,2020-12-11
13770180-d1f8-4cc1-889a-b39b7a3890e7,rest,613,Groceries,789.51,East,2021-03-20
b29bf1ca-bb8b-4825-888e-d47421e8adbd,south,741,Clothing,847.22,South,2023-07-08
66db6624-373c-4178-b0b2-906f29374e3f,finish,992,Groceries,971.96,East,2025-03-21
55a35ad9-b9dd-4fab-bc97-4ae1a5979b47,management,808,Groceries,145.4,West,2020-11-11
f8c6fde2-0437-4eb4-8954-eb64a91c0754,fund,940,Clothing,273.64,East,2021-09-27
6fbe8a1b-ef3f-4f5a-8ec7-e14e02756cef,buy,554,Groceries,275.49,South,2025-02-09
db85a29b-260d-4da5-bf87-c637ddb46b9f,still,475,Electronics,654.11,South,2021-08-13
f591914f-b098-4120-9979-d9e358b2cb50,turn,170,Clothing,898.81,East,2021-08-16
1ec8f461-8959-406d-a9c0-acc90da597ac,American,555,Clothing,155.04,South,2021-12-30
ad5a09b7-aad6-49b1-be3b-ffce461d9f24,try,457,Clothing,469.82,North,2024-01-12
bf2cb05c-7b5f-457d-b9dc-f5b99c9f3971,responsibility,880,Clothing,900.57,West,2021-02-03
15f1a858-e703-47ce-a3b7-6d112be55e86,month,349,Clothing,89.46,East,2021-05-23
32da25b3-94e5-4048-b029-13a9f3822160,discussion,787,Electronics,391.32,East,2020-10-31
dc43f68b-6a16-4da0-8f53-a51ea5c92fa0,political,411,Furniture,335.33,South,2020-04-19
310d5a68-bcb1-495b-8a6d-a9aa35d8b0cd,win,806,Groceries,415.7,South,2022-12-17
9195720c-3183-4579-b649-77187f5cf9d5,gun,925,Groceries,737.89,East,2022-10-11
8fde9d4e-dc1c-4828-9933-768c7c8eb441,way,471,Furniture,794.05,West,2024-07-25
e8bb0078-d04c-4ded-88f4-1c22afbda448,dark,643,Furniture,280.88,South,2024-06-26
1df1d510-569c-43ad-8521-5fb60b4f84df,officer,918,Groceries,844.48,North,2020-02-07
b86cf82a-ad72-40ce-93ea-df92ee7e5c09,agreement,749,Clothing,660.98,South,2021-03-21
eef4de85-68b2-4b6f-81c0-215c0edde039,suddenly,391,Clothing,806.33,South,2024-07-21
d6613e95-178c-46ee-bc61-887849ceecad,ball,637,Furniture,993.14,South,2021-11-14
1716c52a-0783-49c4-972a-1d219d5b0ad2,firm,450,Groceries,100.0,East,2024-03-23
3db9af3c-dea6-438b-98ba-fc0c18c3aae5,idea,467,Groceries,32.74,South,2023-03-19
b93a2bf6-26f9-4a2a-a4ac-00e1e3fb6286,their,201,Furniture,332.2,South,2024-03-13
9450be36-c696-4576-99db-b71ba3543f60,second,567,Electronics,134.87,West,2022-10-18
0b93036b-a038-44d8-a554-bd21616c5531,ago,396,Clothing,630.95,West,2021-09-05
445027e4-116d-41af-8e70-be4d182c23dd,pretty,193,Clothing,93.62,North,2025-03-23
cc30e249-60a2-45e8-92b0-35656c816a60,design,734,Furniture,168.36,East,2023-03-31
eab9325a-edbe-4da5-8cd2-5dcbc76bf87f,arm,902,Clothing,690.53,South,2021-06-14
a16cad3d-c35c-4354-aa59-7111475a93c4,common,430,Furniture,184.24,East,2022-07-29
733145b7-c8d8-4a33-b21d-3519406f24b0,data,537,Clothing,994.31,South,2020-04-16
7015f4e2-0cb8-4804-8fcf-ad3507369f62,middle,208,Electronics,949.91,West,2021-10-10
cbb2377f-3d4a-4636-898f-07a746eaef0c,worker,992,Furniture,108.04,East,2020-04-13
b2129146-df7f-4ec4-8f62-b4f3fa591e79,teacher,22,Furniture,320.9,East,2024-08-18
ea0b0c57-0875-4282-9b5d-5740cc03aa1a,respond,489,Groceries,217.81,North,2022-09-04
a4ac3dd7-3e5b-44bf-97f3-64def4a5b50a,toward,440,Clothing,767.8,South,2023-01-11
1ab5cf7c-2397-485d-a777-b414b8bcf165,picture,595,Clothing,823.93,West,2024-09-04
9579cd21-200e-4ded-98d5-7212df3f212f,manager,906,Clothing,997.63,East,2024-03-19
b4b0c87e-e073-414e-9dd3-840e688fb582,stand,264,Electronics,388.69,East,2021-06-14
93ac9a3a-79a0-402c-b399-18c22cd231b7,behavior,195,Furniture,612.1,West,2021-11-19
df793420-f1a0-426e-ac57-6ecbb403ebfe,whole,693,Clothing,687.69,West,2022-09-07
268a6a1e-34bb-4ff7-b1c0-7e87c160c40e,require,939,Electronics,25.62,East,2021-12-15
c8fb1408-8a8f-4eaa-86fc-2866e34b3057,create,269,Groceries,722.5,North,2021-09-20
0615e035-dfa3-4cb4-b85d-0eae5dec0c68,stand,659,Groceries,480.68,East,2021-07-11
03016d89-2529-465e-8c9f-4708ef7b253d,into,852,Electronics,162.73,North,2024-07-12
0e8dd838-711c-427a-ba61-f2dade581ea8,suggest,607,Clothing,706.47,South,2022-03-02
2716fbbd-773d-4ed9-ae8b-22d91183de36,protect,242,Clothing,135.89,East,2022-12-30
e3ad8c39-eabc-4e78-9579-252bb0580e19,keep,213,Furniture,684.27,North,2020-07-04
7b44b24d-7bdb-4f7d-a289-40dfcc7a9995,reason,237,Groceries,527.7,West,2021-05-23
8254c8bb-124f-40c5-b689-66728141a94d,knowledge,692,Electronics,546.29,North,2023-03-26
0fcf1bbc-54e0-43fc-a302-635df23afd82,south,293,Electronics,400.98,East,2020-10-21
1bab5742-384a-46fd-8d9a-6cb93285e512,company,115,Electronics,188.43,South,2024-11-14
fe14b7a4-0539-4f1b-bea0-44f4446d2fe1,every,586,Clothing,757.74,North,2023-05-24
71e96d96-0898-4d1a-b27c-b1cb344ac73c,citizen,225,Groceries,143.71,West,2021-09-17
6bba8c4f-b1ef-44fd-8728-0eb94b957592,they,79,Clothing,484.17,South,2021-11-06
9d0d32e3-d105-4ee9-9b0f-c893a7bdefc8,sign,167,Clothing,583.02,East,2021-10-22
760f88ab-4ac7-44ae-998a-cad6a381a98d,billion,842,Electronics,835.65,South,2020-09-19
7f53e2a7-4920-47b1-a511-91a289f3a8c4,hold,84,Groceries,822.06,North,2022-11-22
c9e7bf21-62f2-4248-ac54-e20ffc111f09,work,652,Electronics,534.78,South,2020-02-29
edcf45e8-f546-4aa5-83c1-58d79e6c2b5c,stock,989,Clothing,381.45,South,2020-07-03
e64e4dfc-c4fe-437a-ad9e-4a38e96adbf1,world,784,Groceries,47.12,North,2024-09-01
bc0b4190-c4a1-47ef-9fba-08a7c8d052c9,task,829,Clothing,173.84,South,2022-12-25
f3d1f59e-c4c1-46cc-97cc-1c7cc5f81dbf,style,581,Groceries,859.48,West,2021-06-17
867bd7ae-56bf-4130-9018-5b35caa77c58,across,592,Furniture,991.44,East,2022-12-31
9ffbe7bb-7d8a-4cd8-a9e2-3ddc38ae7148,represent,580,Clothing,835.95,North,2020-08-22
416c79ac-ee4f-4cfe-956a-97ceaba98610,drive,846,Furniture,718.98,South,2021-05-15
b7b45952-0125-4677-9617-938d9dfa2c1c,water,64,Clothing,85.35,South,2023-06-22
3b3e785a-c99e-42e0-838d-70bc53e82d89,shake,748,Furniture,579.74,South,2020-06-29
7bead55f-7ffd-4b05-a8ce-69fd27025b50,PM,988,Clothing,789.89,North,2022-04-09
797adc58-b66a-424c-bc62-0705f5011b1f,our,921,Clothing,275.63,North,2024-09-12
f95243b4-3b3a-469b-ad22-eafa951e09d3,country,719,Electronics,713.9,North,2022-05-06
ca427dd2-10f8-43c6-9d20-8d300375f3e7,give,877,Furniture,259.36,East,2022-01-04
02e5bfd0-2eca-4a80-ac6c-049b81cada5e,southern,862,Electronics,679.12,West,2021-10-25
01934480-397d-4898-bed1-a9bc26f666a2,national,450,Groceries,795.65,South,2024-12-01
12a648ee-0a5f-43e1-a5f8-84d16edb2fb6,describe,627,Clothing,438.46,East,2024-04-11
5c941ed2-28a3-41b5-9851-da924fdedd0d,language,462,Furniture,272.46,East,2020-03-17
ab98b8c2-24e0-4118-96fd-792bde61d29c,bank,197,Furniture,871.29,South,2020-12-01
d408cd7a-9658-428b-875e-872c5f2cab28,test,167,Furniture,728.18,North,2022-10-26
48038107-8a2e-4271-a76e-7f7c10ad89e0,hard,959,Groceries,337.75,South,2020-11-28
bb01bb13-a30d-4af3-ad08-ddec3e5d6183,at,438,Electronics,88.84,North,2024-11-20
fa881518-4c2c-4685-913b-e636c30604aa,from,530,Electronics,508.67,West,2021-02-17
b80f73ed-fe32-4334-bd46-8567eff5f4f9,analysis,914,Groceries,769.24,East,2024-11-30
973fb856-6c6a-4f91-9ced-7a0c85d12759,before,845,Groceries,258.87,West,2023-01-26
8488fe44-e257-40ec-92f6-29604a153063,score,514,Groceries,427.94,West,2020-08-07
0fb8a412-3d7a-4739-a1db-311f91deac76,story,255,Groceries,543.27,East,2023-09-22
bb8c0ece-4b97-46a6-a7fe-9f6f3b99097d,per,942,Clothing,992.49,South,2020-08-01
36866fc6-0d11-4f49-8f59-c111fd418509,method,898,Electronics,219.87,East,2020-05-09
f4f52500-834d-4f1f-8824-6674ef5f7db0,send,298,Furniture,299.4,East,2025-02-07
5e433b4b-347e-4978-be96-64959c9b2a64,easy,351,Furniture,276.37,East,2021-01-13
0bd96a43-cc2e-4994-934c-409089907b27,of,351,Furniture,306.68,East,2022-03-26
7da1e46d-6a2a-44ed-a166-dfc3653088ee,care,205,Electronics,674.84,East,2021-03-21
b7af4cc8-e444-4c5c-a849-c69cd77efeaf,perform,531,Clothing,383.37,East,2024-09-30
5b2c08aa-db9e-4c29-893d-b29004adf637,else,303,Clothing,851.17,West,2022-05-06
0c141ef4-a65c-4487-bdc7-b914ac0b7b24,left,529,Electronics,88.64,West,2021-11-26
b2485ace-e66c-4a17-aaff-1ea384d726df,pass,477,Furniture,13.64,North,2022-09-12
331cc981-db76-46e4-9f8a-a0b4ad66ae94,loss,467,Electronics,266.3,East,2024-08-04
34da1f5b-6f14-4003-9c5f-53ba2dd1b727,collection,358,Electronics,196.79,East,2022-11-03
f93db694-36c9-47b2-a469-08203f9e828e,often,509,Groceries,390.28,North,2025-01-19
41e5c276-f855-48ed-b1f5-1c54bee69176,general,239,Furniture,719.41,North,2020-02-28
cad66df7-d0ec-4f86-9ae4-e34a79136a27,involve,267,Electronics,949.86,South,2023-05-10
98c7c8db-58fe-4b23-a411-3e213549d8c5,perform,788,Clothing,304.86,South,2023-03-26
92d13898-68fa-415e-90d9-85b7d5f332fb,large,77,Electronics,162.07,South,2024-04-15
9bee1e55-75bd-4b72-93ce-f039c9cf58de,bill,827,Electronics,940.85,West,2022-11-12
0e5c1cdd-ccf7-4df1-8317-75d4c7936806,international,357,Clothing,527.88,East,2021-02-11
b10d59a0-c904-429e-9815-2deec423ca58,live,548,Groceries,250.59,East,2021-11-09
5ace2b2e-2e3a-4e0a-8de2-220293a4d676,five,750,Groceries,213.12,North,2024-11-06
eacd217d-effc-4fd7-a6a4-efe234903de4,magazine,209,Groceries,509.19,North,2020-05-03
75ecdce1-2608-48ec-ae65-e297241af565,foot,933,Furniture,185.18,South,2024-08-25
4154ed9c-ff26-49b8-b5a9-5dadeae07d11,future,738,Electronics,873.06,East,2022-09-14
6a9c2d3b-8c96-4a84-ac1f-d1d8bb644502,beat,376,Groceries,437.08,West,2022-03-11
4b81dbe1-97f8-4986-9b17-0c6c4d84c3d1,store,419,Clothing,180.5,North,2024-10-03
fc4a530d-681d-4428-a158-8c735a49e072,room,218,Electronics,293.98,North,2023-11-28
0eb86e64-b6b6-47d8-a3f3-86d47557ba81,event,165,Furniture,101.43,South,2021-02-25
4e09f320-70f9-4fba-9574-5a3445c62d37,once,155,Electronics,213.47,South,2024-02-14
e1d90768-c16e-4f68-a427-d8cc1dd6104e,difference,714,Clothing,705.46,East,2021-02-22
98c8bf08-d813-47f8-9509-f0f5d71db783,my,519,Groceries,536.29,West,2022-12-28
0b5f668e-53d9-4161-8fbb-847720540cac,successful,120,Furniture,105.18,North,2022-03-18
4e2caf40-bfef-44b0-a2cc-1931a176a360,write,178,Clothing,797.22,West,2022-04-22
6bb01616-3f6b-4823-9aed-70c02c4aaecc,child,717,Electronics,334.97,East,2023-12-13
343b0cea-da95-4410-bc78-8d111a2cc37d,bit,212,Furniture,705.03,South,2024-11-20
2c036399-a297-4e7b-82ba-334832de8670,less,809,Clothing,991.91,East,2024-04-11
22b52fce-6277-4423-a6db-bc191cdabda9,home,587,Groceries,232.56,North,2022-07-25
2b7ae7e1-3240-4ff0-939d-88fcb79b3ab3,book,267,Groceries,401.88,East,2023-06-11
a2ee6964-1aea-481f-af22-41a35f78edc3,miss,870,Clothing,419.24,South,2024-12-18
c3e5e0e2-6062-4840-8b2a-054d9329dc56,she,448,Electronics,228.67,South,2021-01-27
f2a1e371-59da-4396-bbed-18a8d0467b99,else,611,Furniture,745.29,South,2023-01-10
701a50b1-42ae-4c37-bc0d-2ea58b69b5e1,wind,456,Electronics,371.81,South,2022-02-02
0ec3d822-cc58-46a5-9e2c-a7dfdfd1403b,hear,876,Clothing,163.0,North,2020-09-18
163f96ec-21f6-4379-9e44-f8cc63a3d5e5,amount,412,Electronics,959.53,South,2023-01-21
c2dcd4e4-2f4f-454e-8039-4d34454df7e6,control,609,Electronics,319.29,East,2022-06-08
c0a78ff2-24ba-40af-9ff1-9e4221ac2594,good,729,Electronics,914.52,North,2024-01-21
075e6018-60eb-4482-9eed-2b926fb6bafe,age,45,Groceries,573.12,East,2022-06-30
18666e46-a58d-46b8-9d1a-9fdf7e99ace4,family,59,Groceries,817.18,North,2020-07-16
fbd4dc29-8e17-40b8-93c0-5c873e220d14,college,475,Groceries,768.8,East,2023-06-27
e307dce5-5b44-4987-b871-e94413162f03,western,448,Electronics,820.05,East,2021-11-14
8085af5c-91d4-4820-a996-777f6063a013,my,175,Clothing,97.44,North,2024-10-01
96cd7703-0757-4c8e-a01e-7f4d2d85c18d,exist,977,Clothing,774.69,South,2022-12-10
dd9440b6-be90-46f8-a9c9-a5b227caf0a8,get,233,Clothing,282.1,West,2020-05-11
15e02ba9-12aa-4216-8d59-794b7f1dfc5d,direction,123,Furniture,168.77,North,2020-06-23
b1d993cd-e7f7-4335-8cdd-47719d6731cd,one,568,Electronics,758.49,West,2020-06-30
2962214c-2a19-4826-9947-80a059a83302,hospital,687,Furniture,840.39,West,2020-02-06
739d22f8-0606-493a-894a-8354c386ba51,economy,682,Groceries,111.67,East,2022-10-26
a0b91210-6f89-438f-b8bb-9ca93de4ba64,these,134,Clothing,968.65,West,2022-12-17
89151bfc-50fe-4949-bfd8-47d1d9eca63a,appear,1,Clothing,905.25,East,2020-11-29
7f29601c-0a60-42f0-9437-4ad3b01bec34,two,691,Electronics,619.58,North,2020-03-26
af9960e1-96fc-44c6-9187-4a6e458a0551,skill,288,Electronics,89.44,South,2023-03-29
7d63d4db-6537-40b2-b046-986f2b4c1111,traditional,681,Clothing,174.97,West,2020-07-18
93a4c47d-b5ef-4298-a904-5d7e0caa1dfc,cost,439,Electronics,267.99,West,2021-02-02
270eef9f-7a7e-44f0-b1ba-e18ea500b185,after,84,Clothing,487.84,South,2022-10-09
c8ae4508-fe9b-432d-adc9-4c1f0936a32e,clear,704,Groceries,966.41,South,2023-07-23
296bcaf3-b5c0-4775-99d5-30f0fd424f7a,serious,553,Clothing,972.82,West,2024-06-03
8243e206-ba2b-471b-92c3-7f74b60508e2,relationship,475,Furniture,379.73,South,2023-02-14
a9d83c48-fc87-44bd-8153-1e07cc6ccce0,by,822,Furniture,451.06,South,2024-03-07
e4e7aac7-6af8-4b0d-8ab3-53c34d9e829f,book,418,Furniture,775.99,North,2025-01-29
575ce51a-f57c-4848-a69b-90e3b199d945,you,794,Electronics,719.84,South,2024-11-14
3bd8bf6b-44f2-4085-870d-924c73f5218b,change,263,Clothing,27.5,South,2024-08-01
5e64d8f7-03d2-4c1b-88df-e575a0e9511e,interesting,703,Electronics,613.06,North,2020-01-25
8cbc8150-c530-4183-890c-5510f4eda393,price,642,Furniture,543.74,East,2021-12-20
c68f0bc9-d946-42c0-b1a0-8e8ecc08ab58,today,492,Groceries,57.38,West,2022-08-10
bb329600-1de5-43f5-9756-fa3bd3d21c47,stay,740,Clothing,6.47,South,2022-11-10
66386b33-3388-49fd-9111-4d44a954085e,likely,817,Groceries,604.23,East,2025-01-02
5d5db544-a4f2-45b0-86a5-d6a9adc2903e,would,386,Electronics,702.91,East,2025-03-18
8a161fc6-f977-438a-aca9-0fb868f9b16f,improve,311,Clothing,609.2,West,2021-09-27
9de24905-a7d8-4c3d-b0fd-51949efa279f,anything,953,Groceries,193.89,South,2021-01-04
aeb06bef-7c9f-48b3-a970-f1196bfdec2e,at,978,Furniture,306.04,East,2024-05-17
f02814a1-6de5-4ddb-9bf1-825499fc1def,learn,506,Groceries,76.62,South,2022-11-10
f14a35c9-0658-4e02-b257-067b2aff6a7d,especially,87,Clothing,438.85,North,2021-08-01
54a67bd0-0046-408d-a02a-980a21a93c6a,daughter,560,Clothing,510.52,South,2024-08-27
709f076b-540c-4ce1-b38e-e4fa2d32c8d9,evidence,922,Clothing,593.87,East,2021-08-14
0edcfd80-886a-45cd-8a72-1b1c0e559734,across,888,Clothing,56.8,North,2020-10-28
249b1978-b0fb-476e-8257-350e621c13e6,Democrat,885,Groceries,716.83,North,2020-06-10
a262a02a-9a70-41bd-a0d9-1c10d5668e04,than,522,Clothing,239.61,West,2020-05-16
141328bb-2972-4c46-bd2b-794599ab1ecf,question,679,Clothing,560.22,South,2021-12-24
f2bfb81d-4cbe-4f88-91dc-bdac539e8b0b,bring,87,Clothing,310.56,West,2022-09-21
fb717d79-a723-4090-ad07-96845a5b5a3a,hold,619,Furniture,287.79,East,2024-10-01
94138465-b3fe-413d-823e-a90dbe4479f6,consider,64,Clothing,898.74,South,2024-03-07
205ce457-5ea8-416b-9639-b513af0c923f,traditional,647,Furniture,176.42,North,2023-01-17
379d6d99-f80b-4922-b89f-86f42dc88efc,less,161,Electronics,389.1,East,2023-05-16
b13ab00f-3996-4af6-8586-434b42235a34,oil,153,Groceries,586.16,East,2020-02-25
74c66b78-152a-447b-a9b2-340e74ebdb87,middle,399,Clothing,963.38,North,2021-07-19
f61479d2-ebf3-4d9e-9225-bdf838a05b8b,action,269,Electronics,872.1,North,2022-06-22
0e30b20d-1952-47ea-b393-3a3dc0ae0222,less,610,Furniture,879.89,East,2022-12-28
519e8612-3454-4aa1-b37b-5e7927dc026e,rock,815,Clothing,107.28,East,2024-04-11
bffb2bf1-919b-4641-b0c9-1f8f9bf90caa,culture,848,Electronics,231.1,South,2020-09-28
3057ba64-20f8-4c00-aea0-dee2294933cc,such,127,Furniture,958.77,East,2022-01-16
bc53451b-c764-4181-8e68-8c782e097362,institution,350,Electronics,495.63,West,2023-08-21
554123b1-c3f8-4f02-aee7-84d3f79c6ff6,than,1,Clothing,31.74,South,2024-11-27
0c152b48-4907-4a84-ba2a-d4424e56b941,second,893,Furniture,253.67,North,2024-07-29
0ab852b1-ed77-4d28-b1ab-ef84d24375db,article,331,Groceries,203.61,West,2024-08-14
14f74eb2-98f1-4204-be24-9e625f13621e,full,816,Groceries,52.89,North,2024-09-21
a57d97b6-ef8b-45d8-b5a7-4f72dc21d20f,possible,278,Electronics,86.41,West,2023-08-02
9ddb598d-2da8-43d1-8c56-213ed988f80a,dog,837,Groceries,295.68,South,2022-06-20
613f9774-048a-4f00-883e-c3150f9050cd,sometimes,821,Groceries,473.41,North,2022-04-20
0b5af6a1-6d4b-4391-b0f2-8f7eff6394cf,scene,693,Groceries,962.99,South,2022-06-26
cffb3025-6f4c-4f5f-a8cd-47b0b620627a,national,202,Clothing,470.99,North,2022-07-09
f329c656-cfa5-4604-8fc1-5cd5ad84f11f,plan,315,Furniture,429.6,South,2023-07-07
ebc45b92-c025-4244-a9f8-10a88d5e7a35,weight,817,Electronics,765.89,South,2021-04-16
b0d273fa-f47a-4f78-a020-96f06e31049f,stuff,43,Electronics,671.06,West,2020-11-03
0905972b-1826-41f3-8e1a-7b82350d0d1e,responsibility,988,Furniture,453.99,North,2023-01-20
91c93369-7a57-428f-ae7b-1650085775b0,fight,527,Groceries,417.46,West,2023-07-09
62542a91-6f1b-4d7f-be2b-890d0b54a8cc,walk,775,Clothing,102.48,East,2022-09-30
6a16bd6c-2b10-4cf7-9823-4ebc345592ff,eight,355,Furniture,620.92,West,2022-03-04
10e63e94-9487-4482-9d7e-bd8280b7ac9e,sound,695,Furniture,191.21,West,2022-09-04
ca75dcee-62d6-4fc5-beb8-5d59f343e576,effort,104,Electronics,718.37,North,2021-04-05
dc75e5f6-2f08-45a7-9dbd-d176b0b88648,history,956,Groceries,271.78,West,2023-02-21
a32c2e32-7930-4056-b6e4-2928d55e2bff,chair,310,Furniture,268.23,South,2023-07-15
bb71c58c-f9a5-48dd-862c-e178f9cb093d,least,728,Clothing,20.4,East,2021-05-06
bf4525de-2e50-4316-b7aa-97775a3db308,affect,716,Groceries,10.55,West,2023-03-21
084541f6-2d91-4f79-914d-3514e6395e01,lot,730,Groceries,795.75,South,2022-03-31
d0e15ffb-d210-4014-9020-937471e05304,worry,641,Groceries,850.82,North,2023-08-26
2f28c7e3-89b2-4061-b3f5-9d0309494521,middle,999,Furniture,973.92,North,2020-05-23
0f885f14-7feb-4dca-8ed1-650127a4a1dd,green,889,Furniture,727.65,South,2022-05-16
a2d58361-ddd9-4b38-b612-452396de50d5,decade,478,Clothing,221.9,East,2023-09-13
07812053-de10-4183-8d22-feb09bc4b537,much,595,Groceries,548.86,South,2023-03-17
0f9248c3-d5fa-4065-81a5-8a0d5f5ae880,his,950,Electronics,267.64,East,2020-08-05
5eb8b0e7-e8e3-490d-acaa-c2e039b72cb2,although,171,Groceries,35.66,North,2024-04-23
746c8b46-9c97-488d-a804-f821a616e141,stage,380,Electronics,825.58,North,2023-04-12
30a2c58e-d428-4258-b8d0-b8aaeb8e7d16,fact,221,Electronics,147.74,South,2021-11-23
115ffb27-c0db-4307-b7b2-61a1b3a54980,well,748,Furniture,36.93,West,2024-07-17
6369e8f0-8579-4af1-b10c-7f2d1cfe9495,near,269,Clothing,602.25,South,2021-06-23
6e85c9fc-793f-4a25-8f05-62f152c91f1c,entire,941,Groceries,821.84,East,2020-06-10
60dab541-4965-4eb8-a6d7-eadf8543f811,part,796,Electronics,306.14,North,2021-12-07
7210041b-7c6d-4b32-8ff2-b901a45a97e6,near,609,Electronics,567.06,North,2020-10-08
c235db21-3a13-4fa9-b5dd-a2f4c1d72931,with,682,Groceries,216.03,North,2024-10-08
2b44ccbf-2e42-4c50-97f1-8c62fff52a16,month,294,Furniture,442.43,East,2022-06-07
8af86e24-d5db-41d1-870b-1809238ec517,option,720,Groceries,919.74,West,2020-08-24
be0842a0-c87a-4cc6-88cc-1aac6d3446b3,line,328,Clothing,503.76,North,2022-01-22
4fb8c085-aa02-4ef1-b016-faa99ab2a43c,many,974,Furniture,198.19,West,2024-10-16
c4955778-64f6-4b1c-befa-5f5624c997a0,story,245,Clothing,935.13,South,2024-02-02
3fc19207-62ac-4350-b8d2-e39d1079b881,red,140,Electronics,239.56,South,2021-06-04
44d07ed0-f785-4dc4-88b0-b5fe97717663,choice,558,Furniture,781.02,South,2022-08-21
2b9edb36-b5d9-4682-a7b3-14659203a52b,do,991,Groceries,715.92,South,2020-06-03
43cc4bdf-c162-4b12-af63-0e6ee6d799d1,me,659,Furniture,215.16,South,2020-01-28
cafd8db8-f09d-49c4-95ff-2c30d0e006c5,decide,802,Electronics,640.32,South,2023-08-28
4025863a-41a0-4af6-92ec-9cd3a03eb04d,high,809,Groceries,331.48,South,2020-08-14
9d89bb9e-6669-44fa-968e-660367ff7122,common,965,Clothing,695.33,North,2023-04-24
bbf2e1f7-b960-479d-81fe-03e79d371555,member,801,Groceries,70.63,West,2023-04-16
aa002b4c-177b-44e2-a553-601d98f3e43e,voice,488,Furniture,960.19,East,2023-12-21
6d023024-3b4c-4eda-ab11-f4383907f24a,hot,827,Furniture,941.88,North,2020-02-22
6bc133c2-bd90-437a-9dbf-ad369f9e4f8a,field,237,Furniture,103.28,West,2024-09-18
0fcbbfde-1ab1-432e-a0ff-5cbe4e92f482,couple,950,Groceries,111.6,West,2024-10-13
280fa093-3976-4d93-b8f7-49708158e568,bank,37,Furniture,90.7,South,2020-05-14
1f926d17-907e-492f-887a-f3466aa3e89b,consider,502,Furniture,311.79,West,2021-04-27
e3e5aa4b-131e-4d51-b5e9-f0a193380b92,entire,501,Electronics,938.32,North,2020-09-06
48146b88-bcd9-4fdf-904c-991b10ec19f7,hard,608,Groceries,370.14,South,2025-03-03
cce95b42-208a-404c-9b7e-70e769e0e1d3,indeed,234,Furniture,848.56,South,2022-08-13
3251a763-ca58-4360-ade8-adce1eaaf4d9,push,160,Electronics,510.56,South,2020-12-02
a18fff34-2125-498f-bb00-5cb35ca86be5,hot,314,Furniture,501.34,South,2022-03-28
a99afc52-8eba-44e6-8809-b852b75b0a50,model,81,Electronics,784.93,South,2023-08-08
f71ed050-5d16-41e9-bada-63e0e84e50c0,hand,941,Groceries,624.63,South,2021-08-09
4701c6f9-eed3-4661-a15d-cf498bbdbc7f,whom,890,Groceries,804.64,South,2024-01-27
6db72ef8-ec8b-4acd-a189-9cc54eb99a7b,sign,826,Furniture,29.8,North,2022-01-31
d7f4cb31-8625-4bfe-b2e6-da6ec765a0a5,tough,262,Electronics,748.81,East,2023-08-05
1ce7ee91-cd69-474d-b0d9-bfe39df86530,role,480,Clothing,702.55,East,2020-10-13
a541fc36-13f0-40a4-a7f9-81f286a7d492,call,278,Electronics,645.83,West,2023-06-05
b31ed640-8844-40a8-8c0d-098e57084d7c,fast,590,Groceries,56.42,West,2022-10-19
58171e6b-9bd9-4d4c-89c5-5e4f0da08140,debate,483,Groceries,663.69,East,2023-02-16
0b310775-21fe-4102-86fd-cd5da37e7d5c,last,78,Electronics,611.04,East,2023-02-15
ab6e89c4-2e40-4455-b637-f02ced66ab92,economic,720,Clothing,178.77,West,2022-08-16
cc86a50e-1192-453a-97e3-a0bf0c1b841b,avoid,301,Electronics,496.61,East,2021-09-23
49b5e3e3-ec5d-4db6-942e-2818344a4cb1,whose,973,Furniture,94.49,South,2024-01-10
96632f22-1c73-49d3-8149-c287f7da2144,four,352,Clothing,445.07,South,2022-12-21
04fa7673-45e4-4580-9789-c1a4042d89e5,animal,839,Furniture,30.25,South,2022-09-01
2f764884-fd26-4f09-8516-a198bef4a0de,statement,535,Electronics,120.67,South,2020-12-30
7a339eaa-63e8-48f9-9c02-366d09799a05,its,511,Groceries,264.0,South,2020-11-16
13b5cd10-5904-47ab-ab12-6c1e546b2b7c,behind,897,Clothing,368.93,East,2024-06-28
b143425e-87e0-488d-b8ec-258e780de588,eat,55,Clothing,471.32,East,2024-12-10
68dee7fd-d733-4c23-b13f-c01055b48463,wall,137,Electronics,63.34,East,2024-08-26
28835759-2911-4dfa-ac9f-aa00adc9a3f7,force,755,Furniture,943.86,North,2022-10-19
dc71cd78-1e41-4083-a9d4-88c7e2c2ca5d,collection,643,Electronics,884.49,North,2020-04-04
74df197e-35f1-49f9-874c-533f2d62cf6a,soon,517,Furniture,826.85,East,2021-07-28
02d4fea2-fd29-4b27-ba68-b72b7987ee95,clear,134,Groceries,161.36,East,2022-05-31
00d5893f-1ef0-4b54-b0da-b262db6cb27f,threat,167,Clothing,514.17,South,2020-06-02
8ad0f382-0fb6-4de3-a8ef-36efe699fe35,picture,123,Clothing,936.27,West,2021-07-02
667e6860-688d-4c94-a862-1fa42f2e3408,read,459,Electronics,903.17,West,2024-07-14
112b90d4-2641-46b9-a6be-651319cedd99,stuff,120,Clothing,760.52,North,2023-01-07
f708bf13-b852-488b-9d07-93493505e820,score,682,Furniture,817.23,South,2022-12-13
319e65d9-4c50-469f-9d32-6c0d5d0407de,main,232,Furniture,319.67,East,2023-05-28
de308f9d-18cf-4a3b-abfe-ee3a4092adfa,ball,334,Groceries,720.13,East,2022-06-30
60e59074-2548-451a-a40c-7af52a31b626,federal,495,Furniture,507.14,North,2020-06-27
a9fe5e87-1555-40b4-8cbe-aeba7ff27098,oil,598,Groceries,237.19,East,2022-03-02
f8e5451c-b809-4b0d-939f-eb085aac4ee5,within,68,Clothing,776.0,North,2020-10-13
079fad4f-1ee9-4a8c-97e9-f449e84e1d7e,you,749,Electronics,86.18,East,2020-03-31
5670ca0f-27c4-4ecb-a26a-f1aca1f1b0a1,area,478,Clothing,731.43,South,2020-10-23
03d14dee-2ce1-4f1b-a082-0ad90d00cc58,production,735,Electronics,589.0,North,2020-09-29
91f40435-a59a-40f4-844b-0b7c980d02e2,sing,597,Clothing,471.96,South,2021-08-31
c6afe907-b657-4acb-9bd6-87cae814d894,certainly,489,Furniture,168.38,South,2020-03-09
